/usr/local/lib/python3.12/dist-packages/albumentations/core/validation.py:114: UserWarning: ShiftScaleRotate is a special case of Affine transform. Please use Affine transform instead.
  original_init(self, **validated_kwargs)
/content/Session7_CNN_Challenge/budget_compliant_enhanced_cifar_gap_net.py:315: UserWarning: Argument(s) 'max_holes, max_height, max_width, min_holes, min_height, min_width, fill_value' are not valid for transform CoarseDropout
  A.CoarseDropout(max_holes=1, max_height=16, max_width=16,
Using device: cuda

🚀 Enhanced Model Created:
  Name: BudgetCompliantEnhancedCIFAR_GAP_Net
  Parameters: 162,354
  Budget: 81.2% of 200K
  Target: 85.5% accuracy
/content/Session7_CNN_Challenge/train_enhanced_model.py:312: UserWarning: Argument(s) 'max_holes, max_height, max_width, fill_value' are not valid for transform CoarseDropout
  A.CoarseDropout(max_holes=1, max_height=16, max_width=16,
100% 170M/170M [00:13<00:00, 12.3MB/s]
/usr/local/lib/python3.12/dist-packages/torch/utils/data/dataloader.py:627: UserWarning: This DataLoader will create 4 worker processes in total. Our suggested max number of worker in current system is 2, which is smaller than what this DataLoader is going to create. Please be aware that excessive worker creation might get DataLoader running slow or even freeze, lower the worker number to avoid potential slowness/freeze if necessary.
  warnings.warn(

📊 Data loaded: 50,000 train, 10,000 val
🚀 Starting Enhanced CIFAR_GAP_Net Training
Target: 85.0% accuracy
Model: 162,354 parameters
============================================================
Epoch   1 [  0/391] Loss: 2.3315 Acc: 5.47%
Epoch   1 [100/391] Loss: 1.7738 Acc: 30.06%
Epoch   1 [200/391] Loss: 1.7045 Acc: 34.80%
Epoch   1 [300/391] Loss: 1.5815 Acc: 38.12%
💾 New best model saved: 50.44% (epoch 1)

Per-class accuracies (Epoch 1):
    airplane:  78.8%
  automobile:  71.5%
        bird:  44.8%
         cat:  17.6%
        deer:  29.9%
         dog:  38.0%
        frog:  68.7%
       horse:  48.2%
        ship:  55.9%
       truck:  51.0%

Epoch   1/150 Summary:
  Train Loss: 1.7579 | Train Acc:  40.25%
  Val Loss:   1.5658 | Val Acc:    50.44%
  Best Acc:    50.44% (epoch 1)
  LR: 0.003000 | Time: 28.9s
  📈 Gap to target: 34.56%
------------------------------------------------------------
Epoch   2 [  0/391] Loss: 1.7358 Acc: 42.19%
Epoch   2 [100/391] Loss: 1.6927 Acc: 49.78%
Epoch   2 [200/391] Loss: 1.4898 Acc: 50.86%
Epoch   2 [300/391] Loss: 1.5097 Acc: 51.67%
💾 New best model saved: 59.10% (epoch 2)

Per-class accuracies (Epoch 2):
    airplane:  57.7%
  automobile:  76.5%
        bird:  44.9%
         cat:  16.1%
        deer:  50.4%
         dog:  54.9%
        frog:  68.7%
       horse:  70.4%
        ship:  82.4%
       truck:  69.0%

Epoch   2/150 Summary:
  Train Loss: 1.5276 | Train Acc:  52.56%
  Val Loss:   1.3801 | Val Acc:    59.10%
  Best Acc:    59.10% (epoch 2)
  LR: 0.002999 | Time: 27.0s
  📈 Gap to target: 25.90%
------------------------------------------------------------
Epoch   3 [  0/391] Loss: 1.4450 Acc: 53.91%
Epoch   3 [100/391] Loss: 1.4392 Acc: 55.69%
Epoch   3 [200/391] Loss: 1.4698 Acc: 56.51%
Epoch   3 [300/391] Loss: 1.4066 Acc: 56.77%

Per-class accuracies (Epoch 3):
    airplane:  82.4%
  automobile:  78.6%
        bird:  65.5%
         cat:  30.0%
        deer:  46.4%
         dog:  33.0%
        frog:  78.4%
       horse:  68.6%
        ship:  53.0%
       truck:  54.2%

Epoch   3/150 Summary:
  Train Loss: 1.4346 | Train Acc:  56.95%
  Val Loss:   1.3888 | Val Acc:    59.01%
  Best Acc:    59.10% (epoch 2)
  LR: 0.002997 | Time: 27.2s
  📈 Gap to target: 25.99%
------------------------------------------------------------
Epoch   4 [  0/391] Loss: 1.4861 Acc: 54.69%
Epoch   4 [100/391] Loss: 1.4642 Acc: 58.93%
Epoch   4 [200/391] Loss: 1.3531 Acc: 59.22%
Epoch   4 [300/391] Loss: 1.3630 Acc: 59.52%
💾 New best model saved: 64.89% (epoch 4)

Per-class accuracies (Epoch 4):
    airplane:  72.8%
  automobile:  76.2%
        bird:  45.3%
         cat:  34.3%
        deer:  69.7%
         dog:  46.3%
        frog:  70.2%
       horse:  70.6%
        ship:  78.9%
       truck:  84.6%

Epoch   4/150 Summary:
  Train Loss: 1.3786 | Train Acc:  59.93%
  Val Loss:   1.2742 | Val Acc:    64.89%
  Best Acc:    64.89% (epoch 4)
  LR: 0.002995 | Time: 27.2s
  📈 Gap to target: 20.11%
------------------------------------------------------------
Epoch   5 [  0/391] Loss: 1.3322 Acc: 64.06%
Epoch   5 [100/391] Loss: 1.3653 Acc: 61.83%
Epoch   5 [200/391] Loss: 1.2698 Acc: 62.35%
Epoch   5 [300/391] Loss: 1.3659 Acc: 62.24%
💾 New best model saved: 67.44% (epoch 5)

Per-class accuracies (Epoch 5):
    airplane:  76.1%
  automobile:  84.8%
        bird:  59.4%
         cat:  28.7%
        deer:  53.8%
         dog:  62.1%
        frog:  82.6%
       horse:  72.9%
        ship:  77.5%
       truck:  76.5%

Epoch   5/150 Summary:
  Train Loss: 1.3277 | Train Acc:  62.26%
  Val Loss:   1.2185 | Val Acc:    67.44%
  Best Acc:    67.44% (epoch 5)
  LR: 0.002992 | Time: 27.4s
  📈 Gap to target: 17.56%
------------------------------------------------------------
Epoch   6 [  0/391] Loss: 1.3065 Acc: 62.50%
Epoch   6 [100/391] Loss: 1.4861 Acc: 63.06%
Epoch   6 [200/391] Loss: 1.3167 Acc: 63.61%
Epoch   6 [300/391] Loss: 1.3350 Acc: 63.83%
💾 New best model saved: 67.91% (epoch 6)

Per-class accuracies (Epoch 6):
    airplane:  86.0%
  automobile:  84.5%
        bird:  51.5%
         cat:  32.7%
        deer:  49.6%
         dog:  66.2%
        frog:  82.7%
       horse:  70.2%
        ship:  84.0%
       truck:  71.7%

Epoch   6/150 Summary:
  Train Loss: 1.2930 | Train Acc:  64.12%
  Val Loss:   1.2134 | Val Acc:    67.91%
  Best Acc:    67.91% (epoch 6)
  LR: 0.002988 | Time: 27.8s
  📈 Gap to target: 17.09%
------------------------------------------------------------
Epoch   7 [  0/391] Loss: 1.2465 Acc: 68.75%
Epoch   7 [100/391] Loss: 1.1561 Acc: 65.87%
Epoch   7 [200/391] Loss: 1.1026 Acc: 66.27%
Epoch   7 [300/391] Loss: 1.1242 Acc: 66.31%
💾 New best model saved: 69.72% (epoch 7)

Per-class accuracies (Epoch 7):
    airplane:  73.5%
  automobile:  84.6%
        bird:  59.4%
         cat:  44.8%
        deer:  57.7%
         dog:  60.4%
        frog:  81.3%
       horse:  71.0%
        ship:  86.2%
       truck:  78.3%

Epoch   7/150 Summary:
  Train Loss: 1.2508 | Train Acc:  66.42%
  Val Loss:   1.1702 | Val Acc:    69.72%
  Best Acc:    69.72% (epoch 7)
  LR: 0.002984 | Time: 28.0s
  📈 Gap to target: 15.28%
------------------------------------------------------------
Epoch   8 [  0/391] Loss: 1.3592 Acc: 62.50%
Epoch   8 [100/391] Loss: 1.2600 Acc: 66.44%
Epoch   8 [200/391] Loss: 1.2191 Acc: 66.99%
Epoch   8 [300/391] Loss: 1.1237 Acc: 67.39%
💾 New best model saved: 70.77% (epoch 8)

Per-class accuracies (Epoch 8):
    airplane:  77.5%
  automobile:  78.8%
        bird:  49.6%
         cat:  36.0%
        deer:  74.4%
         dog:  60.6%
        frog:  90.8%
       horse:  69.7%
        ship:  89.1%
       truck:  81.2%

Epoch   8/150 Summary:
  Train Loss: 1.2268 | Train Acc:  67.47%
  Val Loss:   1.1629 | Val Acc:    70.77%
  Best Acc:    70.77% (epoch 8)
  LR: 0.002979 | Time: 27.7s
  📈 Gap to target: 14.23%
------------------------------------------------------------
Epoch   9 [  0/391] Loss: 1.2320 Acc: 67.97%
Epoch   9 [100/391] Loss: 1.1695 Acc: 69.40%
Epoch   9 [200/391] Loss: 1.2543 Acc: 69.15%
Epoch   9 [300/391] Loss: 1.2956 Acc: 68.99%

Per-class accuracies (Epoch 9):
    airplane:  90.5%
  automobile:  85.8%
        bird:  63.9%
         cat:  43.1%
        deer:  61.4%
         dog:  39.0%
        frog:  85.7%
       horse:  77.0%
        ship:  75.9%
       truck:  82.4%

Epoch   9/150 Summary:
  Train Loss: 1.1991 | Train Acc:  68.95%
  Val Loss:   1.1638 | Val Acc:    70.47%
  Best Acc:    70.77% (epoch 8)
  LR: 0.002973 | Time: 27.3s
  📈 Gap to target: 14.53%
------------------------------------------------------------
Epoch  10 [  0/391] Loss: 1.1261 Acc: 72.66%
Epoch  10 [100/391] Loss: 1.2423 Acc: 69.35%
Epoch  10 [200/391] Loss: 1.1478 Acc: 69.70%
Epoch  10 [300/391] Loss: 1.1401 Acc: 69.60%
💾 New best model saved: 72.74% (epoch 10)

Per-class accuracies (Epoch 10):
    airplane:  72.1%
  automobile:  87.6%
        bird:  74.4%
         cat:  44.0%
        deer:  76.1%
         dog:  55.5%
        frog:  77.1%
       horse:  74.5%
        ship:  89.6%
       truck:  76.5%

Epoch  10/150 Summary:
  Train Loss: 1.1806 | Train Acc:  69.61%
  Val Loss:   1.1159 | Val Acc:    72.74%
  Best Acc:    72.74% (epoch 10)
  LR: 0.002967 | Time: 27.4s
  📈 Gap to target: 12.26%
------------------------------------------------------------
Epoch  11 [  0/391] Loss: 1.2123 Acc: 70.31%
Epoch  11 [100/391] Loss: 1.1541 Acc: 71.17%
Epoch  11 [200/391] Loss: 1.2984 Acc: 70.91%
Epoch  11 [300/391] Loss: 1.1928 Acc: 70.77%
💾 New best model saved: 74.23% (epoch 11)

Per-class accuracies (Epoch 11):
    airplane:  87.7%
  automobile:  83.8%
        bird:  63.0%
         cat:  53.0%
        deer:  65.1%
         dog:  57.1%
        frog:  86.0%
       horse:  78.4%
        ship:  81.5%
       truck:  86.7%

Epoch  11/150 Summary:
  Train Loss: 1.1563 | Train Acc:  70.88%
  Val Loss:   1.0881 | Val Acc:    74.23%
  Best Acc:    74.23% (epoch 11)
  LR: 0.002960 | Time: 27.4s
  📈 Gap to target: 10.77%
------------------------------------------------------------
Epoch  12 [  0/391] Loss: 1.0679 Acc: 73.44%
Epoch  12 [100/391] Loss: 1.1014 Acc: 71.84%
Epoch  12 [200/391] Loss: 1.3023 Acc: 71.79%
Epoch  12 [300/391] Loss: 1.1611 Acc: 71.66%
💾 New best model saved: 74.28% (epoch 12)

Per-class accuracies (Epoch 12):
    airplane:  79.4%
  automobile:  86.1%
        bird:  70.4%
         cat:  59.8%
        deer:  73.3%
         dog:  51.9%
        frog:  80.9%
       horse:  70.8%
        ship:  88.4%
       truck:  81.8%

Epoch  12/150 Summary:
  Train Loss: 1.1418 | Train Acc:  71.62%
  Val Loss:   1.0828 | Val Acc:    74.28%
  Best Acc:    74.28% (epoch 12)
  LR: 0.002953 | Time: 27.0s
  📈 Gap to target: 10.72%
------------------------------------------------------------
Epoch  13 [  0/391] Loss: 1.0578 Acc: 77.34%
Epoch  13 [100/391] Loss: 1.1048 Acc: 72.42%
Epoch  13 [200/391] Loss: 1.2334 Acc: 72.47%
Epoch  13 [300/391] Loss: 1.0552 Acc: 72.22%
💾 New best model saved: 75.24% (epoch 13)

Per-class accuracies (Epoch 13):
    airplane:  73.7%
  automobile:  83.8%
        bird:  56.7%
         cat:  59.0%
        deer:  73.6%
         dog:  69.8%
        frog:  77.9%
       horse:  82.3%
        ship:  84.9%
       truck:  90.7%

Epoch  13/150 Summary:
  Train Loss: 1.1269 | Train Acc:  72.24%
  Val Loss:   1.0613 | Val Acc:    75.24%
  Best Acc:    75.24% (epoch 13)
  LR: 0.002945 | Time: 27.2s
  📈 Gap to target: 9.76%
------------------------------------------------------------
Epoch  14 [  0/391] Loss: 1.1033 Acc: 75.00%
Epoch  14 [100/391] Loss: 1.1857 Acc: 72.72%
Epoch  14 [200/391] Loss: 1.1790 Acc: 72.73%
Epoch  14 [300/391] Loss: 1.0870 Acc: 72.75%

Per-class accuracies (Epoch 14):
    airplane:  78.4%
  automobile:  90.9%
        bird:  69.9%
         cat:  50.8%
        deer:  65.2%
         dog:  59.6%
        frog:  88.7%
       horse:  73.3%
        ship:  92.4%
       truck:  80.7%

Epoch  14/150 Summary:
  Train Loss: 1.1122 | Train Acc:  72.76%
  Val Loss:   1.0649 | Val Acc:    74.99%
  Best Acc:    75.24% (epoch 13)
  LR: 0.002936 | Time: 27.0s
  📈 Gap to target: 10.01%
------------------------------------------------------------
Epoch  15 [  0/391] Loss: 1.1834 Acc: 72.66%
Epoch  15 [100/391] Loss: 1.0901 Acc: 73.17%
Epoch  15 [200/391] Loss: 1.1033 Acc: 73.45%
Epoch  15 [300/391] Loss: 1.0699 Acc: 73.67%
💾 New best model saved: 75.45% (epoch 15)

Per-class accuracies (Epoch 15):
    airplane:  68.9%
  automobile:  93.0%
        bird:  61.9%
         cat:  42.0%
        deer:  70.9%
         dog:  77.4%
        frog:  86.7%
       horse:  84.5%
        ship:  83.6%
       truck:  85.6%

Epoch  15/150 Summary:
  Train Loss: 1.0989 | Train Acc:  73.64%
  Val Loss:   1.0464 | Val Acc:    75.45%
  Best Acc:    75.45% (epoch 15)
  LR: 0.002927 | Time: 29.4s
  📈 Gap to target: 9.55%
------------------------------------------------------------
Epoch  16 [  0/391] Loss: 1.0751 Acc: 71.88%
Epoch  16 [100/391] Loss: 1.2702 Acc: 74.05%
Epoch  16 [200/391] Loss: 1.1055 Acc: 73.77%
Epoch  16 [300/391] Loss: 1.0350 Acc: 73.91%
💾 New best model saved: 77.05% (epoch 16)

Per-class accuracies (Epoch 16):
    airplane:  86.3%
  automobile:  89.5%
        bird:  65.5%
         cat:  56.2%
        deer:  70.2%
         dog:  62.6%
        frog:  84.0%
       horse:  84.3%
        ship:  84.2%
       truck:  87.7%

Epoch  16/150 Summary:
  Train Loss: 1.0886 | Train Acc:  73.95%
  Val Loss:   1.0258 | Val Acc:    77.05%
  Best Acc:    77.05% (epoch 16)
  LR: 0.002917 | Time: 27.1s
  📈 Gap to target: 7.95%
------------------------------------------------------------
Epoch  17 [  0/391] Loss: 1.0729 Acc: 74.22%
Epoch  17 [100/391] Loss: 1.0335 Acc: 74.64%
Epoch  17 [200/391] Loss: 1.1333 Acc: 74.12%
Epoch  17 [300/391] Loss: 1.0695 Acc: 74.28%

Per-class accuracies (Epoch 17):
    airplane:  87.6%
  automobile:  80.7%
        bird:  59.7%
         cat:  55.2%
        deer:  80.0%
         dog:  64.6%
        frog:  83.1%
       horse:  81.2%
        ship:  81.5%
       truck:  90.7%

Epoch  17/150 Summary:
  Train Loss: 1.0788 | Train Acc:  74.34%
  Val Loss:   1.0295 | Val Acc:    76.43%
  Best Acc:    77.05% (epoch 16)
  LR: 0.002906 | Time: 27.0s
  📈 Gap to target: 8.57%
------------------------------------------------------------
Epoch  18 [  0/391] Loss: 1.1857 Acc: 71.09%
Epoch  18 [100/391] Loss: 0.9904 Acc: 75.52%
Epoch  18 [200/391] Loss: 1.1438 Acc: 74.90%
Epoch  18 [300/391] Loss: 1.1368 Acc: 74.92%

Per-class accuracies (Epoch 18):
    airplane:  82.0%
  automobile:  92.1%
        bird:  71.6%
         cat:  54.4%
        deer:  65.6%
         dog:  60.7%
        frog:  86.4%
       horse:  85.3%
        ship:  89.1%
       truck:  79.9%

Epoch  18/150 Summary:
  Train Loss: 1.0691 | Train Acc:  74.86%
  Val Loss:   1.0263 | Val Acc:    76.71%
  Best Acc:    77.05% (epoch 16)
  LR: 0.002895 | Time: 27.0s
  📈 Gap to target: 8.29%
------------------------------------------------------------
Epoch  19 [  0/391] Loss: 1.0015 Acc: 79.69%
Epoch  19 [100/391] Loss: 1.0524 Acc: 75.17%
Epoch  19 [200/391] Loss: 1.0871 Acc: 75.02%
Epoch  19 [300/391] Loss: 1.0144 Acc: 75.33%

Per-class accuracies (Epoch 19):
    airplane:  81.9%
  automobile:  89.6%
        bird:  61.4%
         cat:  53.6%
        deer:  76.6%
         dog:  54.7%
        frog:  93.5%
       horse:  87.2%
        ship:  86.0%
       truck:  74.9%

Epoch  19/150 Summary:
  Train Loss: 1.0615 | Train Acc:  75.25%
  Val Loss:   1.0544 | Val Acc:    75.94%
  Best Acc:    77.05% (epoch 16)
  LR: 0.002883 | Time: 27.1s
  📈 Gap to target: 9.06%
------------------------------------------------------------
Epoch  20 [  0/391] Loss: 0.9843 Acc: 79.69%
Epoch  20 [100/391] Loss: 1.0288 Acc: 75.93%
Epoch  20 [200/391] Loss: 0.9827 Acc: 75.98%
Epoch  20 [300/391] Loss: 1.0222 Acc: 75.82%
💾 New best model saved: 77.83% (epoch 20)

Per-class accuracies (Epoch 20):
    airplane:  86.1%
  automobile:  89.9%
        bird:  68.3%
         cat:  62.9%
        deer:  76.0%
         dog:  59.1%
        frog:  79.0%
       horse:  85.4%
        ship:  87.8%
       truck:  83.8%

Epoch  20/150 Summary:
  Train Loss: 1.0560 | Train Acc:  75.56%
  Val Loss:   0.9985 | Val Acc:    77.83%
  Best Acc:    77.83% (epoch 20)
  LR: 0.002870 | Time: 27.0s
  📈 Gap to target: 7.17%
------------------------------------------------------------
Epoch  21 [  0/391] Loss: 0.9468 Acc: 79.69%
Epoch  21 [100/391] Loss: 1.0133 Acc: 75.87%
Epoch  21 [200/391] Loss: 1.0538 Acc: 75.98%
Epoch  21 [300/391] Loss: 1.0192 Acc: 75.88%
💾 New best model saved: 78.18% (epoch 21)

Per-class accuracies (Epoch 21):
    airplane:  87.1%
  automobile:  92.0%
        bird:  57.9%
         cat:  61.7%
        deer:  76.4%
         dog:  72.2%
        frog:  84.0%
       horse:  80.8%
        ship:  83.5%
       truck:  86.2%

Epoch  21/150 Summary:
  Train Loss: 1.0479 | Train Acc:  75.95%
  Val Loss:   0.9940 | Val Acc:    78.18%
  Best Acc:    78.18% (epoch 21)
  LR: 0.002857 | Time: 26.9s
  📈 Gap to target: 6.82%
------------------------------------------------------------
Epoch  22 [  0/391] Loss: 1.0742 Acc: 71.88%
Epoch  22 [100/391] Loss: 1.0248 Acc: 75.83%
Epoch  22 [200/391] Loss: 1.0615 Acc: 75.99%
Epoch  22 [300/391] Loss: 1.0056 Acc: 76.06%
💾 New best model saved: 78.56% (epoch 22)

Per-class accuracies (Epoch 22):
    airplane:  82.2%
  automobile:  87.1%
        bird:  63.8%
         cat:  59.1%
        deer:  76.3%
         dog:  70.5%
        frog:  87.0%
       horse:  85.2%
        ship:  87.2%
       truck:  87.2%

Epoch  22/150 Summary:
  Train Loss: 1.0407 | Train Acc:  76.16%
  Val Loss:   0.9827 | Val Acc:    78.56%
  Best Acc:    78.56% (epoch 22)
  LR: 0.002844 | Time: 27.0s
  📈 Gap to target: 6.44%
------------------------------------------------------------
Epoch  23 [  0/391] Loss: 1.0860 Acc: 72.66%
Epoch  23 [100/391] Loss: 0.9593 Acc: 76.11%
Epoch  23 [200/391] Loss: 0.9783 Acc: 76.67%
Epoch  23 [300/391] Loss: 1.1378 Acc: 76.47%

Per-class accuracies (Epoch 23):
    airplane:  73.8%
  automobile:  90.5%
        bird:  67.4%
         cat:  63.9%
        deer:  76.9%
         dog:  61.2%
        frog:  90.5%
       horse:  81.7%
        ship:  90.1%
       truck:  84.4%

Epoch  23/150 Summary:
  Train Loss: 1.0360 | Train Acc:  76.34%
  Val Loss:   0.9902 | Val Acc:    78.04%
  Best Acc:    78.56% (epoch 22)
  LR: 0.002829 | Time: 28.2s
  📈 Gap to target: 6.96%
------------------------------------------------------------
Epoch  24 [  0/391] Loss: 1.0307 Acc: 77.34%
Epoch  24 [100/391] Loss: 1.1857 Acc: 76.63%
Epoch  24 [200/391] Loss: 1.0460 Acc: 76.66%
Epoch  24 [300/391] Loss: 1.0449 Acc: 76.45%
💾 New best model saved: 78.83% (epoch 24)

Per-class accuracies (Epoch 24):
    airplane:  83.2%
  automobile:  89.6%
        bird:  71.7%
         cat:  46.6%
        deer:  76.7%
         dog:  67.9%
        frog:  88.6%
       horse:  87.8%
        ship:  89.3%
       truck:  86.9%

Epoch  24/150 Summary:
  Train Loss: 1.0326 | Train Acc:  76.51%
  Val Loss:   0.9796 | Val Acc:    78.83%
  Best Acc:    78.83% (epoch 24)
  LR: 0.002814 | Time: 28.0s
  📈 Gap to target: 6.17%
------------------------------------------------------------
Epoch  25 [  0/391] Loss: 1.0141 Acc: 81.25%
Epoch  25 [100/391] Loss: 0.9165 Acc: 77.50%
Epoch  25 [200/391] Loss: 0.9939 Acc: 77.57%
Epoch  25 [300/391] Loss: 0.9392 Acc: 77.36%

Per-class accuracies (Epoch 25):
    airplane:  81.3%
  automobile:  82.0%
        bird:  71.8%
         cat:  58.5%
        deer:  76.2%
         dog:  68.8%
        frog:  86.6%
       horse:  85.8%
        ship:  89.1%
       truck:  87.0%

Epoch  25/150 Summary:
  Train Loss: 1.0229 | Train Acc:  77.05%
  Val Loss:   0.9866 | Val Acc:    78.71%
  Best Acc:    78.83% (epoch 24)
  LR: 0.002799 | Time: 27.9s
  📈 Gap to target: 6.29%
------------------------------------------------------------
Epoch  26 [  0/391] Loss: 0.8512 Acc: 85.94%
Epoch  26 [100/391] Loss: 0.9777 Acc: 77.75%
Epoch  26 [200/391] Loss: 1.0228 Acc: 77.65%
Epoch  26 [300/391] Loss: 1.0378 Acc: 77.53%

Per-class accuracies (Epoch 26):
    airplane:  82.3%
  automobile:  90.4%
        bird:  63.4%
         cat:  51.0%
        deer:  74.7%
         dog:  77.6%
        frog:  82.1%
       horse:  89.0%
        ship:  89.9%
       truck:  87.8%

Epoch  26/150 Summary:
  Train Loss: 1.0192 | Train Acc:  77.23%
  Val Loss:   0.9830 | Val Acc:    78.82%
  Best Acc:    78.83% (epoch 24)
  LR: 0.002783 | Time: 27.5s
  📈 Gap to target: 6.18%
------------------------------------------------------------
Epoch  27 [  0/391] Loss: 0.9354 Acc: 78.12%
Epoch  27 [100/391] Loss: 0.9923 Acc: 77.53%
Epoch  27 [200/391] Loss: 1.0140 Acc: 77.96%
Epoch  27 [300/391] Loss: 0.9688 Acc: 77.81%
💾 New best model saved: 78.85% (epoch 27)

Per-class accuracies (Epoch 27):
    airplane:  81.4%
  automobile:  88.9%
        bird:  58.9%
         cat:  56.5%
        deer:  72.5%
         dog:  77.4%
        frog:  87.8%
       horse:  83.7%
        ship:  90.8%
       truck:  90.6%

Epoch  27/150 Summary:
  Train Loss: 1.0095 | Train Acc:  77.63%
  Val Loss:   0.9785 | Val Acc:    78.85%
  Best Acc:    78.85% (epoch 27)
  LR: 0.002766 | Time: 27.3s
  📈 Gap to target: 6.15%
------------------------------------------------------------
Epoch  28 [  0/391] Loss: 0.9971 Acc: 75.78%
Epoch  28 [100/391] Loss: 1.0555 Acc: 78.32%
Epoch  28 [200/391] Loss: 0.9686 Acc: 78.44%
Epoch  28 [300/391] Loss: 1.1403 Acc: 78.28%
💾 New best model saved: 79.40% (epoch 28)

Per-class accuracies (Epoch 28):
    airplane:  87.1%
  automobile:  93.4%
        bird:  73.7%
         cat:  51.1%
        deer:  77.1%
         dog:  74.5%
        frog:  81.5%
       horse:  87.0%
        ship:  85.2%
       truck:  83.4%

Epoch  28/150 Summary:
  Train Loss: 1.0068 | Train Acc:  77.98%
  Val Loss:   0.9656 | Val Acc:    79.40%
  Best Acc:    79.40% (epoch 28)
  LR: 0.002749 | Time: 27.2s
  📈 Gap to target: 5.60%
------------------------------------------------------------
Epoch  29 [  0/391] Loss: 0.9921 Acc: 76.56%
Epoch  29 [100/391] Loss: 0.9610 Acc: 78.64%
Epoch  29 [200/391] Loss: 0.9522 Acc: 78.10%
Epoch  29 [300/391] Loss: 1.0298 Acc: 78.07%
💾 New best model saved: 80.08% (epoch 29)

Per-class accuracies (Epoch 29):
    airplane:  82.8%
  automobile:  93.1%
        bird:  75.9%
         cat:  59.7%
        deer:  75.4%
         dog:  70.5%
        frog:  85.9%
       horse:  83.0%
        ship:  89.4%
       truck:  85.1%

Epoch  29/150 Summary:
  Train Loss: 1.0001 | Train Acc:  78.11%
  Val Loss:   0.9509 | Val Acc:    80.08%
  Best Acc:    80.08% (epoch 29)
  LR: 0.002732 | Time: 27.1s
  📈 Gap to target: 4.92%
------------------------------------------------------------
Epoch  30 [  0/391] Loss: 1.0363 Acc: 80.47%
Epoch  30 [100/391] Loss: 0.9242 Acc: 77.89%
Epoch  30 [200/391] Loss: 0.9928 Acc: 78.19%
Epoch  30 [300/391] Loss: 0.9542 Acc: 78.21%

Per-class accuracies (Epoch 30):
    airplane:  85.0%
  automobile:  85.9%
        bird:  70.3%
         cat:  56.6%
        deer:  76.8%
         dog:  72.2%
        frog:  87.9%
       horse:  85.9%
        ship:  87.9%
       truck:  90.7%

Epoch  30/150 Summary:
  Train Loss: 0.9965 | Train Acc:  78.24%
  Val Loss:   0.9497 | Val Acc:    79.92%
  Best Acc:    80.08% (epoch 29)
  LR: 0.002714 | Time: 28.2s
  📈 Gap to target: 5.08%
------------------------------------------------------------
Epoch  31 [  0/391] Loss: 0.8844 Acc: 84.38%
Epoch  31 [100/391] Loss: 0.9703 Acc: 78.91%
Epoch  31 [200/391] Loss: 0.9596 Acc: 78.74%
Epoch  31 [300/391] Loss: 1.0052 Acc: 78.68%

Per-class accuracies (Epoch 31):
    airplane:  84.6%
  automobile:  91.7%
        bird:  68.2%
         cat:  62.5%
        deer:  71.1%
         dog:  62.8%
        frog:  90.7%
       horse:  85.6%
        ship:  92.3%
       truck:  84.5%

Epoch  31/150 Summary:
  Train Loss: 0.9928 | Train Acc:  78.62%
  Val Loss:   0.9633 | Val Acc:    79.40%
  Best Acc:    80.08% (epoch 29)
  LR: 0.002695 | Time: 27.4s
  📈 Gap to target: 5.60%
------------------------------------------------------------
Epoch  32 [  0/391] Loss: 1.0864 Acc: 75.00%
Epoch  32 [100/391] Loss: 1.0345 Acc: 78.74%
Epoch  32 [200/391] Loss: 0.9160 Acc: 78.86%
Epoch  32 [300/391] Loss: 0.9765 Acc: 78.90%
💾 New best model saved: 80.81% (epoch 32)

Per-class accuracies (Epoch 32):
    airplane:  84.5%
  automobile:  91.1%
        bird:  71.6%
         cat:  61.2%
        deer:  79.7%
         dog:  74.6%
        frog:  85.0%
       horse:  84.0%
        ship:  89.1%
       truck:  87.3%

Epoch  32/150 Summary:
  Train Loss: 0.9898 | Train Acc:  78.69%
  Val Loss:   0.9450 | Val Acc:    80.81%
  Best Acc:    80.81% (epoch 32)
  LR: 0.002676 | Time: 27.4s
  📈 Gap to target: 4.19%
------------------------------------------------------------
Epoch  33 [  0/391] Loss: 1.0881 Acc: 71.09%
Epoch  33 [100/391] Loss: 0.9861 Acc: 78.84%
Epoch  33 [200/391] Loss: 1.0360 Acc: 78.67%
Epoch  33 [300/391] Loss: 1.0834 Acc: 78.66%

Per-class accuracies (Epoch 33):
    airplane:  76.6%
  automobile:  91.6%
        bird:  68.3%
         cat:  63.6%
        deer:  79.8%
         dog:  64.5%
        frog:  87.2%
       horse:  84.7%
        ship:  91.4%
       truck:  86.2%

Epoch  33/150 Summary:
  Train Loss: 0.9873 | Train Acc:  78.62%
  Val Loss:   0.9572 | Val Acc:    79.39%
  Best Acc:    80.81% (epoch 32)
  LR: 0.002656 | Time: 27.7s
  📈 Gap to target: 5.61%
------------------------------------------------------------
Epoch  34 [  0/391] Loss: 0.8961 Acc: 82.03%
Epoch  34 [100/391] Loss: 0.9713 Acc: 78.81%
Epoch  34 [200/391] Loss: 0.9506 Acc: 79.12%
Epoch  34 [300/391] Loss: 1.0489 Acc: 79.24%

Per-class accuracies (Epoch 34):
    airplane:  84.4%
  automobile:  86.7%
        bird:  75.5%
         cat:  66.9%
        deer:  71.8%
         dog:  66.2%
        frog:  87.5%
       horse:  82.9%
        ship:  89.7%
       truck:  90.0%

Epoch  34/150 Summary:
  Train Loss: 0.9813 | Train Acc:  79.05%
  Val Loss:   0.9515 | Val Acc:    80.16%
  Best Acc:    80.81% (epoch 32)
  LR: 0.002635 | Time: 27.7s
  📈 Gap to target: 4.84%
------------------------------------------------------------
Epoch  35 [  0/391] Loss: 1.0638 Acc: 75.78%
Epoch  35 [100/391] Loss: 0.8802 Acc: 79.04%
Epoch  35 [200/391] Loss: 1.0058 Acc: 78.84%
Epoch  35 [300/391] Loss: 0.9726 Acc: 78.85%

Per-class accuracies (Epoch 35):
    airplane:  85.4%
  automobile:  90.2%
        bird:  65.0%
         cat:  62.7%
        deer:  76.1%
         dog:  63.2%
        frog:  90.6%
       horse:  90.5%
        ship:  85.5%
       truck:  88.8%

Epoch  35/150 Summary:
  Train Loss: 0.9796 | Train Acc:  78.93%
  Val Loss:   0.9581 | Val Acc:    79.80%
  Best Acc:    80.81% (epoch 32)
  LR: 0.002615 | Time: 27.0s
  📈 Gap to target: 5.20%
------------------------------------------------------------
Epoch  36 [  0/391] Loss: 1.0118 Acc: 75.00%
Epoch  36 [100/391] Loss: 1.0048 Acc: 79.12%
Epoch  36 [200/391] Loss: 0.9605 Acc: 79.48%
Epoch  36 [300/391] Loss: 1.0065 Acc: 79.40%
💾 New best model saved: 80.92% (epoch 36)

Per-class accuracies (Epoch 36):
    airplane:  88.1%
  automobile:  92.6%
        bird:  69.4%
         cat:  60.0%
        deer:  81.1%
         dog:  75.0%
        frog:  84.7%
       horse:  85.9%
        ship:  85.4%
       truck:  87.0%

Epoch  36/150 Summary:
  Train Loss: 0.9699 | Train Acc:  79.27%
  Val Loss:   0.9374 | Val Acc:    80.92%
  Best Acc:    80.92% (epoch 36)
  LR: 0.002593 | Time: 27.6s
  📈 Gap to target: 4.08%
------------------------------------------------------------
Epoch  37 [  0/391] Loss: 1.0272 Acc: 75.78%
Epoch  37 [100/391] Loss: 0.9801 Acc: 79.53%
Epoch  37 [200/391] Loss: 0.9228 Acc: 79.65%
Epoch  37 [300/391] Loss: 0.9569 Acc: 79.35%
💾 New best model saved: 81.01% (epoch 37)

Per-class accuracies (Epoch 37):
    airplane:  83.1%
  automobile:  90.0%
        bird:  74.7%
         cat:  55.7%
        deer:  78.9%
         dog:  72.8%
        frog:  89.4%
       horse:  87.6%
        ship:  88.9%
       truck:  89.0%

Epoch  37/150 Summary:
  Train Loss: 0.9721 | Train Acc:  79.36%
  Val Loss:   0.9311 | Val Acc:    81.01%
  Best Acc:    81.01% (epoch 37)
  LR: 0.002572 | Time: 27.3s
  📈 Gap to target: 3.99%
------------------------------------------------------------
Epoch  38 [  0/391] Loss: 1.0337 Acc: 75.78%
Epoch  38 [100/391] Loss: 0.9183 Acc: 79.94%
Epoch  38 [200/391] Loss: 0.9269 Acc: 79.73%
Epoch  38 [300/391] Loss: 1.0453 Acc: 79.68%

Per-class accuracies (Epoch 38):
    airplane:  88.0%
  automobile:  92.8%
        bird:  75.4%
         cat:  61.9%
        deer:  72.1%
         dog:  69.5%
        frog:  88.3%
       horse:  76.8%
        ship:  90.0%
       truck:  84.2%

Epoch  38/150 Summary:
  Train Loss: 0.9663 | Train Acc:  79.73%
  Val Loss:   0.9553 | Val Acc:    79.90%
  Best Acc:    81.01% (epoch 37)
  LR: 0.002549 | Time: 28.6s
  📈 Gap to target: 5.10%
------------------------------------------------------------
Epoch  39 [  0/391] Loss: 0.8881 Acc: 82.81%
Epoch  39 [100/391] Loss: 0.8137 Acc: 80.07%
Epoch  39 [200/391] Loss: 0.9607 Acc: 79.69%
Epoch  39 [300/391] Loss: 0.8755 Acc: 79.73%
💾 New best model saved: 81.08% (epoch 39)

Per-class accuracies (Epoch 39):
    airplane:  83.2%
  automobile:  91.5%
        bird:  71.1%
         cat:  63.1%
        deer:  79.6%
         dog:  69.8%
        frog:  85.0%
       horse:  88.6%
        ship:  91.3%
       truck:  87.6%

Epoch  39/150 Summary:
  Train Loss: 0.9642 | Train Acc:  79.70%
  Val Loss:   0.9276 | Val Acc:    81.08%
  Best Acc:    81.08% (epoch 39)
  LR: 0.002527 | Time: 27.0s
  📈 Gap to target: 3.92%
------------------------------------------------------------
Epoch  40 [  0/391] Loss: 0.8744 Acc: 83.59%
Epoch  40 [100/391] Loss: 1.0114 Acc: 79.70%
Epoch  40 [200/391] Loss: 0.9655 Acc: 79.91%
Epoch  40 [300/391] Loss: 1.0903 Acc: 79.96%

Per-class accuracies (Epoch 40):
    airplane:  82.4%
  automobile:  93.0%
        bird:  65.1%
         cat:  54.2%
        deer:  79.2%
         dog:  75.2%
        frog:  91.1%
       horse:  90.6%
        ship:  89.2%
       truck:  85.3%

Epoch  40/150 Summary:
  Train Loss: 0.9631 | Train Acc:  79.88%
  Val Loss:   0.9463 | Val Acc:    80.53%
  Best Acc:    81.08% (epoch 39)
  LR: 0.002504 | Time: 26.7s
  📈 Gap to target: 4.47%
------------------------------------------------------------
Epoch  41 [  0/391] Loss: 1.0705 Acc: 75.00%
Epoch  41 [100/391] Loss: 0.9082 Acc: 80.00%
Epoch  41 [200/391] Loss: 0.9469 Acc: 80.18%
Epoch  41 [300/391] Loss: 0.9390 Acc: 80.10%

Per-class accuracies (Epoch 41):
    airplane:  87.5%
  automobile:  93.1%
        bird:  78.7%
         cat:  58.6%
        deer:  72.0%
         dog:  68.8%
        frog:  84.9%
       horse:  87.0%
        ship:  89.7%
       truck:  84.7%

Epoch  41/150 Summary:
  Train Loss: 0.9571 | Train Acc:  80.00%
  Val Loss:   0.9378 | Val Acc:    80.50%
  Best Acc:    81.08% (epoch 39)
  LR: 0.002480 | Time: 26.5s
  📈 Gap to target: 4.50%
------------------------------------------------------------
Epoch  42 [  0/391] Loss: 0.9780 Acc: 74.22%
Epoch  42 [100/391] Loss: 0.8711 Acc: 80.53%
Epoch  42 [200/391] Loss: 0.9018 Acc: 80.54%
Epoch  42 [300/391] Loss: 0.9389 Acc: 80.43%
💾 New best model saved: 81.39% (epoch 42)

Per-class accuracies (Epoch 42):
    airplane:  85.1%
  automobile:  90.9%
        bird:  74.4%
         cat:  60.4%
        deer:  80.8%
         dog:  75.6%
        frog:  90.1%
       horse:  81.9%
        ship:  87.4%
       truck:  87.3%

Epoch  42/150 Summary:
  Train Loss: 0.9526 | Train Acc:  80.37%
  Val Loss:   0.9278 | Val Acc:    81.39%
  Best Acc:    81.39% (epoch 42)
  LR: 0.002456 | Time: 26.7s
  📈 Gap to target: 3.61%
------------------------------------------------------------
Epoch  43 [  0/391] Loss: 0.9941 Acc: 78.12%
Epoch  43 [100/391] Loss: 1.0913 Acc: 80.22%
Epoch  43 [200/391] Loss: 0.9232 Acc: 80.01%
Epoch  43 [300/391] Loss: 0.8626 Acc: 80.18%

Per-class accuracies (Epoch 43):
    airplane:  87.2%
  automobile:  90.7%
        bird:  68.4%
         cat:  55.3%
        deer:  81.1%
         dog:  72.7%
        frog:  86.4%
       horse:  91.1%
        ship:  88.6%
       truck:  88.2%

Epoch  43/150 Summary:
  Train Loss: 0.9537 | Train Acc:  80.04%
  Val Loss:   0.9373 | Val Acc:    80.97%
  Best Acc:    81.39% (epoch 42)
  LR: 0.002432 | Time: 26.6s
  📈 Gap to target: 4.03%
------------------------------------------------------------
Epoch  44 [  0/391] Loss: 0.9680 Acc: 82.81%
Epoch  44 [100/391] Loss: 0.9697 Acc: 80.58%
Epoch  44 [200/391] Loss: 0.9207 Acc: 80.52%
Epoch  44 [300/391] Loss: 1.0529 Acc: 80.54%

Per-class accuracies (Epoch 44):
    airplane:  77.8%
  automobile:  91.5%
        bird:  79.0%
         cat:  62.8%
        deer:  74.3%
         dog:  68.6%
        frog:  87.9%
       horse:  87.8%
        ship:  91.6%
       truck:  89.0%

Epoch  44/150 Summary:
  Train Loss: 0.9476 | Train Acc:  80.53%
  Val Loss:   0.9223 | Val Acc:    81.03%
  Best Acc:    81.39% (epoch 42)
  LR: 0.002407 | Time: 26.2s
  📈 Gap to target: 3.97%
------------------------------------------------------------
Epoch  45 [  0/391] Loss: 1.0302 Acc: 75.78%
Epoch  45 [100/391] Loss: 0.9819 Acc: 80.21%
Epoch  45 [200/391] Loss: 0.9594 Acc: 80.38%
Epoch  45 [300/391] Loss: 0.9476 Acc: 80.41%

Per-class accuracies (Epoch 45):
    airplane:  83.1%
  automobile:  89.8%
        bird:  70.4%
         cat:  59.6%
        deer:  79.3%
         dog:  77.7%
        frog:  84.0%
       horse:  87.5%
        ship:  91.1%
       truck:  88.8%

Epoch  45/150 Summary:
  Train Loss: 0.9468 | Train Acc:  80.51%
  Val Loss:   0.9298 | Val Acc:    81.13%
  Best Acc:    81.39% (epoch 42)
  LR: 0.002382 | Time: 28.4s
  📈 Gap to target: 3.87%
------------------------------------------------------------
Epoch  46 [  0/391] Loss: 1.0021 Acc: 77.34%
Epoch  46 [100/391] Loss: 0.8825 Acc: 80.84%
Epoch  46 [200/391] Loss: 0.8916 Acc: 80.83%
Epoch  46 [300/391] Loss: 0.9941 Acc: 80.62%

Per-class accuracies (Epoch 46):
    airplane:  80.9%
  automobile:  90.8%
        bird:  74.6%
         cat:  51.1%
        deer:  77.3%
         dog:  78.6%
        frog:  88.7%
       horse:  87.9%
        ship:  94.5%
       truck:  85.1%

Epoch  46/150 Summary:
  Train Loss: 0.9451 | Train Acc:  80.59%
  Val Loss:   0.9381 | Val Acc:    80.95%
  Best Acc:    81.39% (epoch 42)
  LR: 0.002356 | Time: 28.1s
  📈 Gap to target: 4.05%
------------------------------------------------------------
Epoch  47 [  0/391] Loss: 1.1166 Acc: 72.66%
Epoch  47 [100/391] Loss: 0.7909 Acc: 81.57%
Epoch  47 [200/391] Loss: 0.8761 Acc: 81.20%
Epoch  47 [300/391] Loss: 0.9685 Acc: 80.89%

Per-class accuracies (Epoch 47):
    airplane:  82.8%
  automobile:  88.9%
        bird:  76.3%
         cat:  61.5%
        deer:  75.2%
         dog:  68.7%
        frog:  85.8%
       horse:  91.1%
        ship:  90.1%
       truck:  91.0%

Epoch  47/150 Summary:
  Train Loss: 0.9404 | Train Acc:  80.74%
  Val Loss:   0.9262 | Val Acc:    81.14%
  Best Acc:    81.39% (epoch 42)
  LR: 0.002330 | Time: 26.7s
  📈 Gap to target: 3.86%
------------------------------------------------------------
Epoch  48 [  0/391] Loss: 0.9223 Acc: 82.81%
Epoch  48 [100/391] Loss: 0.9029 Acc: 80.79%
Epoch  48 [200/391] Loss: 0.9333 Acc: 81.03%
Epoch  48 [300/391] Loss: 0.8784 Acc: 80.81%

Per-class accuracies (Epoch 48):
    airplane:  83.3%
  automobile:  90.8%
        bird:  71.2%
         cat:  58.2%
        deer:  77.4%
         dog:  71.0%
        frog:  91.4%
       horse:  88.8%
        ship:  90.5%
       truck:  88.0%

Epoch  48/150 Summary:
  Train Loss: 0.9395 | Train Acc:  80.80%
  Val Loss:   0.9305 | Val Acc:    81.06%
  Best Acc:    81.39% (epoch 42)
  LR: 0.002304 | Time: 26.1s
  📈 Gap to target: 3.94%
------------------------------------------------------------
Epoch  49 [  0/391] Loss: 0.9165 Acc: 81.25%
Epoch  49 [100/391] Loss: 0.9410 Acc: 80.93%
Epoch  49 [200/391] Loss: 1.0205 Acc: 81.08%
Epoch  49 [300/391] Loss: 0.8357 Acc: 81.10%

Per-class accuracies (Epoch 49):
    airplane:  81.8%
  automobile:  91.7%
        bird:  74.4%
         cat:  54.7%
        deer:  80.4%
         dog:  72.8%
        frog:  91.0%
       horse:  83.9%
        ship:  91.7%
       truck:  88.3%

Epoch  49/150 Summary:
  Train Loss: 0.9358 | Train Acc:  80.91%
  Val Loss:   0.9329 | Val Acc:    81.07%
  Best Acc:    81.39% (epoch 42)
  LR: 0.002277 | Time: 26.3s
  📈 Gap to target: 3.93%
------------------------------------------------------------
Epoch  50 [  0/391] Loss: 0.8909 Acc: 85.16%
Epoch  50 [100/391] Loss: 0.8034 Acc: 81.10%
Epoch  50 [200/391] Loss: 0.9088 Acc: 81.18%
Epoch  50 [300/391] Loss: 0.8809 Acc: 81.14%

Per-class accuracies (Epoch 50):
    airplane:  79.3%
  automobile:  90.9%
        bird:  68.1%
         cat:  58.2%
        deer:  83.6%
         dog:  79.0%
        frog:  86.4%
       horse:  80.1%
        ship:  92.9%
       truck:  88.5%

Epoch  50/150 Summary:
  Train Loss: 0.9309 | Train Acc:  81.23%
  Val Loss:   0.9354 | Val Acc:    80.70%
  Best Acc:    81.39% (epoch 42)
  LR: 0.002250 | Time: 26.2s
  📈 Gap to target: 4.30%
------------------------------------------------------------
Epoch  51 [  0/391] Loss: 0.9867 Acc: 78.91%
Epoch  51 [100/391] Loss: 0.9814 Acc: 81.43%
Epoch  51 [200/391] Loss: 0.8922 Acc: 81.44%
Epoch  51 [300/391] Loss: 0.8927 Acc: 81.44%
💾 New best model saved: 81.83% (epoch 51)

Per-class accuracies (Epoch 51):
    airplane:  85.0%
  automobile:  91.1%
        bird:  70.9%
         cat:  59.4%
        deer:  85.3%
         dog:  73.5%
        frog:  90.7%
       horse:  83.4%
        ship:  90.0%
       truck:  89.0%

Epoch  51/150 Summary:
  Train Loss: 0.9272 | Train Acc:  81.40%
  Val Loss:   0.9228 | Val Acc:    81.83%
  Best Acc:    81.83% (epoch 51)
  LR: 0.002223 | Time: 26.4s
  📈 Gap to target: 3.17%
------------------------------------------------------------
Epoch  52 [  0/391] Loss: 0.7895 Acc: 88.28%
Epoch  52 [100/391] Loss: 0.8874 Acc: 81.56%
Epoch  52 [200/391] Loss: 0.9294 Acc: 81.95%
Epoch  52 [300/391] Loss: 0.9543 Acc: 81.64%

Per-class accuracies (Epoch 52):
    airplane:  85.9%
  automobile:  92.2%
        bird:  64.2%
         cat:  49.3%
        deer:  81.5%
         dog:  75.8%
        frog:  90.7%
       horse:  87.3%
        ship:  86.1%
       truck:  91.3%

Epoch  52/150 Summary:
  Train Loss: 0.9279 | Train Acc:  81.25%
  Val Loss:   0.9439 | Val Acc:    80.43%
  Best Acc:    81.83% (epoch 51)
  LR: 0.002195 | Time: 26.1s
  📈 Gap to target: 4.57%
------------------------------------------------------------
Epoch  53 [  0/391] Loss: 0.8490 Acc: 86.72%
Epoch  53 [100/391] Loss: 0.8625 Acc: 81.83%
Epoch  53 [200/391] Loss: 0.8893 Acc: 81.84%
Epoch  53 [300/391] Loss: 0.8494 Acc: 81.75%

Per-class accuracies (Epoch 53):
    airplane:  87.2%
  automobile:  91.1%
        bird:  74.3%
         cat:  55.7%
        deer:  79.5%
         dog:  72.3%
        frog:  86.2%
       horse:  88.6%
        ship:  88.4%
       truck:  90.1%

Epoch  53/150 Summary:
  Train Loss: 0.9237 | Train Acc:  81.64%
  Val Loss:   0.9205 | Val Acc:    81.34%
  Best Acc:    81.83% (epoch 51)
  LR: 0.002167 | Time: 27.2s
  📈 Gap to target: 3.66%
------------------------------------------------------------
Epoch  54 [  0/391] Loss: 0.9073 Acc: 85.16%
Epoch  54 [100/391] Loss: 1.0246 Acc: 82.16%
Epoch  54 [200/391] Loss: 0.8902 Acc: 82.35%
Epoch  54 [300/391] Loss: 0.9730 Acc: 82.11%

Per-class accuracies (Epoch 54):
    airplane:  84.2%
  automobile:  90.8%
        bird:  78.1%
         cat:  60.9%
        deer:  76.4%
         dog:  76.7%
        frog:  85.9%
       horse:  83.7%
        ship:  91.3%
       truck:  89.6%

Epoch  54/150 Summary:
  Train Loss: 0.9190 | Train Acc:  81.88%
  Val Loss:   0.9159 | Val Acc:    81.76%
  Best Acc:    81.83% (epoch 51)
  LR: 0.002139 | Time: 26.0s
  📈 Gap to target: 3.24%
------------------------------------------------------------
Epoch  55 [  0/391] Loss: 0.8921 Acc: 82.81%
Epoch  55 [100/391] Loss: 0.8164 Acc: 82.39%
Epoch  55 [200/391] Loss: 0.8828 Acc: 82.11%
Epoch  55 [300/391] Loss: 0.8784 Acc: 82.17%

Per-class accuracies (Epoch 55):
    airplane:  87.3%
  automobile:  92.8%
        bird:  77.0%
         cat:  64.1%
        deer:  77.5%
         dog:  67.8%
        frog:  85.5%
       horse:  86.8%
        ship:  89.9%
       truck:  86.2%

Epoch  55/150 Summary:
  Train Loss: 0.9193 | Train Acc:  81.91%
  Val Loss:   0.9229 | Val Acc:    81.49%
  Best Acc:    81.83% (epoch 51)
  LR: 0.002110 | Time: 25.9s
  📈 Gap to target: 3.51%
------------------------------------------------------------
Epoch  56 [  0/391] Loss: 1.0798 Acc: 72.66%
Epoch  56 [100/391] Loss: 0.9185 Acc: 81.86%
Epoch  56 [200/391] Loss: 0.9146 Acc: 81.86%
Epoch  56 [300/391] Loss: 0.8846 Acc: 81.72%

Per-class accuracies (Epoch 56):
    airplane:  85.5%
  automobile:  91.8%
        bird:  75.2%
         cat:  54.4%
        deer:  77.6%
         dog:  76.6%
        frog:  88.7%
       horse:  87.4%
        ship:  90.0%
       truck:  88.9%

Epoch  56/150 Summary:
  Train Loss: 0.9189 | Train Acc:  81.72%
  Val Loss:   0.9186 | Val Acc:    81.61%
  Best Acc:    81.83% (epoch 51)
  LR: 0.002081 | Time: 26.0s
  📈 Gap to target: 3.39%
------------------------------------------------------------
Epoch  57 [  0/391] Loss: 0.9726 Acc: 78.91%
Epoch  57 [100/391] Loss: 0.9002 Acc: 81.89%
Epoch  57 [200/391] Loss: 0.8526 Acc: 82.23%
Epoch  57 [300/391] Loss: 0.9767 Acc: 82.03%
💾 New best model saved: 82.06% (epoch 57)

Per-class accuracies (Epoch 57):
    airplane:  84.4%
  automobile:  90.3%
        bird:  79.9%
         cat:  57.2%
        deer:  78.0%
         dog:  76.9%
        frog:  86.8%
       horse:  85.1%
        ship:  91.4%
       truck:  90.6%

Epoch  57/150 Summary:
  Train Loss: 0.9148 | Train Acc:  81.88%
  Val Loss:   0.9168 | Val Acc:    82.06%
  Best Acc:    82.06% (epoch 57)
  LR: 0.002052 | Time: 26.4s
  📈 Gap to target: 2.94%
------------------------------------------------------------
Epoch  58 [  0/391] Loss: 0.8842 Acc: 84.38%
Epoch  58 [100/391] Loss: 0.8927 Acc: 81.96%
Epoch  58 [200/391] Loss: 0.8970 Acc: 82.06%
Epoch  58 [300/391] Loss: 0.8920 Acc: 82.10%

Per-class accuracies (Epoch 58):
    airplane:  84.5%
  automobile:  87.4%
        bird:  78.0%
         cat:  60.1%
        deer:  80.4%
         dog:  73.9%
        frog:  82.3%
       horse:  90.6%
        ship:  89.1%
       truck:  88.3%

Epoch  58/150 Summary:
  Train Loss: 0.9148 | Train Acc:  81.95%
  Val Loss:   0.9186 | Val Acc:    81.46%
  Best Acc:    82.06% (epoch 57)
  LR: 0.002023 | Time: 26.2s
  📈 Gap to target: 3.54%
------------------------------------------------------------
Epoch  59 [  0/391] Loss: 0.8677 Acc: 85.94%
Epoch  59 [100/391] Loss: 0.8845 Acc: 82.26%
Epoch  59 [200/391] Loss: 0.9530 Acc: 82.32%
Epoch  59 [300/391] Loss: 0.9865 Acc: 82.23%

Per-class accuracies (Epoch 59):
    airplane:  88.0%
  automobile:  92.8%
        bird:  73.4%
         cat:  60.3%
        deer:  82.3%
         dog:  70.2%
        frog:  90.2%
       horse:  84.3%
        ship:  87.7%
       truck:  88.4%

Epoch  59/150 Summary:
  Train Loss: 0.9107 | Train Acc:  82.14%
  Val Loss:   0.9127 | Val Acc:    81.76%
  Best Acc:    82.06% (epoch 57)
  LR: 0.001993 | Time: 26.2s
  📈 Gap to target: 3.24%
------------------------------------------------------------
Epoch  60 [  0/391] Loss: 0.8971 Acc: 85.16%
Epoch  60 [100/391] Loss: 0.9244 Acc: 82.58%
Epoch  60 [200/391] Loss: 0.9944 Acc: 82.60%
Epoch  60 [300/391] Loss: 1.0061 Acc: 82.41%

Per-class accuracies (Epoch 60):
    airplane:  85.6%
  automobile:  91.7%
        bird:  75.7%
         cat:  58.1%
        deer:  81.4%
         dog:  73.1%
        frog:  82.6%
       horse:  91.2%
        ship:  89.5%
       truck:  90.3%

Epoch  60/150 Summary:
  Train Loss: 0.9066 | Train Acc:  82.38%
  Val Loss:   0.9092 | Val Acc:    81.92%
  Best Acc:    82.06% (epoch 57)
  LR: 0.001964 | Time: 26.6s
  📈 Gap to target: 3.08%
------------------------------------------------------------
Epoch  61 [  0/391] Loss: 0.9811 Acc: 79.69%
Epoch  61 [100/391] Loss: 0.8552 Acc: 82.23%
Epoch  61 [200/391] Loss: 0.8848 Acc: 82.26%
Epoch  61 [300/391] Loss: 0.8893 Acc: 82.31%
💾 New best model saved: 82.10% (epoch 61)

Per-class accuracies (Epoch 61):
    airplane:  87.1%
  automobile:  90.8%
        bird:  72.5%
         cat:  64.3%
        deer:  84.6%
         dog:  63.9%
        frog:  90.2%
       horse:  88.5%
        ship:  90.4%
       truck:  88.7%

Epoch  61/150 Summary:
  Train Loss: 0.9074 | Train Acc:  82.29%
  Val Loss:   0.9149 | Val Acc:    82.10%
  Best Acc:    82.10% (epoch 61)
  LR: 0.001934 | Time: 28.0s
  📈 Gap to target: 2.90%
------------------------------------------------------------
Epoch  62 [  0/391] Loss: 0.9540 Acc: 78.12%
Epoch  62 [100/391] Loss: 1.0344 Acc: 83.30%
Epoch  62 [200/391] Loss: 0.8386 Acc: 83.03%
Epoch  62 [300/391] Loss: 0.9410 Acc: 82.71%
💾 New best model saved: 82.33% (epoch 62)

Per-class accuracies (Epoch 62):
    airplane:  84.3%
  automobile:  91.4%
        bird:  73.1%
         cat:  56.1%
        deer:  78.2%
         dog:  77.8%
        frog:  91.8%
       horse:  88.1%
        ship:  92.1%
       truck:  90.4%

Epoch  62/150 Summary:
  Train Loss: 0.9057 | Train Acc:  82.48%
  Val Loss:   0.9085 | Val Acc:    82.33%
  Best Acc:    82.33% (epoch 62)
  LR: 0.001903 | Time: 26.8s
  📈 Gap to target: 2.67%
------------------------------------------------------------
Epoch  63 [  0/391] Loss: 0.8969 Acc: 84.38%
Epoch  63 [100/391] Loss: 0.8949 Acc: 82.22%
Epoch  63 [200/391] Loss: 0.9561 Acc: 82.59%
Epoch  63 [300/391] Loss: 1.0275 Acc: 82.60%

Per-class accuracies (Epoch 63):
    airplane:  85.1%
  automobile:  91.9%
        bird:  75.2%
         cat:  63.2%
        deer:  79.6%
         dog:  68.8%
        frog:  91.8%
       horse:  83.6%
        ship:  89.6%
       truck:  89.2%

Epoch  63/150 Summary:
  Train Loss: 0.9030 | Train Acc:  82.53%
  Val Loss:   0.9151 | Val Acc:    81.80%
  Best Acc:    82.33% (epoch 62)
  LR: 0.001873 | Time: 26.9s
  📈 Gap to target: 3.20%
------------------------------------------------------------
Epoch  64 [  0/391] Loss: 0.9458 Acc: 82.81%
Epoch  64 [100/391] Loss: 0.9222 Acc: 82.64%
Epoch  64 [200/391] Loss: 0.8791 Acc: 83.03%
Epoch  64 [300/391] Loss: 0.8940 Acc: 83.00%
💾 New best model saved: 82.49% (epoch 64)

Per-class accuracies (Epoch 64):
    airplane:  86.3%
  automobile:  92.6%
        bird:  75.8%
         cat:  65.0%
        deer:  78.9%
         dog:  76.8%
        frog:  86.4%
       horse:  84.8%
        ship:  89.3%
       truck:  89.0%

Epoch  64/150 Summary:
  Train Loss: 0.8998 | Train Acc:  82.88%
  Val Loss:   0.8973 | Val Acc:    82.49%
  Best Acc:    82.49% (epoch 64)
  LR: 0.001843 | Time: 26.8s
  📈 Gap to target: 2.51%
------------------------------------------------------------
Epoch  65 [  0/391] Loss: 0.9423 Acc: 81.25%
Epoch  65 [100/391] Loss: 0.9341 Acc: 82.80%
Epoch  65 [200/391] Loss: 0.9077 Acc: 82.67%
Epoch  65 [300/391] Loss: 0.9592 Acc: 82.69%

Per-class accuracies (Epoch 65):
    airplane:  88.1%
  automobile:  92.8%
        bird:  72.3%
         cat:  59.2%
        deer:  81.0%
         dog:  78.2%
        frog:  89.4%
       horse:  86.9%
        ship:  88.7%
       truck:  87.9%

Epoch  65/150 Summary:
  Train Loss: 0.8993 | Train Acc:  82.64%
  Val Loss:   0.8996 | Val Acc:    82.45%
  Best Acc:    82.49% (epoch 64)
  LR: 0.001812 | Time: 26.3s
  📈 Gap to target: 2.55%
------------------------------------------------------------
Epoch  66 [  0/391] Loss: 0.8437 Acc: 88.28%
Epoch  66 [100/391] Loss: 0.8811 Acc: 83.52%
Epoch  66 [200/391] Loss: 0.9347 Acc: 83.38%
Epoch  66 [300/391] Loss: 0.9548 Acc: 83.35%

Per-class accuracies (Epoch 66):
    airplane:  77.9%
  automobile:  91.7%
        bird:  75.1%
         cat:  58.9%
        deer:  81.7%
         dog:  73.2%
        frog:  89.6%
       horse:  87.1%
        ship:  91.7%
       truck:  91.5%

Epoch  66/150 Summary:
  Train Loss: 0.8904 | Train Acc:  83.24%
  Val Loss:   0.9163 | Val Acc:    81.84%
  Best Acc:    82.49% (epoch 64)
  LR: 0.001781 | Time: 26.5s
  📈 Gap to target: 3.16%
------------------------------------------------------------
Epoch  67 [  0/391] Loss: 0.9473 Acc: 80.47%
Epoch  67 [100/391] Loss: 0.8315 Acc: 82.94%
Epoch  67 [200/391] Loss: 0.9593 Acc: 82.66%
Epoch  67 [300/391] Loss: 0.9294 Acc: 82.70%

Per-class accuracies (Epoch 67):
    airplane:  86.3%
  automobile:  91.5%
        bird:  71.1%
         cat:  61.6%
        deer:  77.5%
         dog:  78.9%
        frog:  86.5%
       horse:  88.7%
        ship:  89.0%
       truck:  91.1%

Epoch  67/150 Summary:
  Train Loss: 0.8965 | Train Acc:  82.72%
  Val Loss:   0.9070 | Val Acc:    82.22%
  Best Acc:    82.49% (epoch 64)
  LR: 0.001750 | Time: 26.1s
  📈 Gap to target: 2.78%
------------------------------------------------------------
Epoch  68 [  0/391] Loss: 0.8308 Acc: 86.72%
Epoch  68 [100/391] Loss: 0.9366 Acc: 83.16%
Epoch  68 [200/391] Loss: 0.8294 Acc: 83.12%
Epoch  68 [300/391] Loss: 0.8394 Acc: 83.10%

Per-class accuracies (Epoch 68):
    airplane:  84.7%
  automobile:  94.2%
        bird:  73.6%
         cat:  60.1%
        deer:  78.2%
         dog:  79.6%
        frog:  84.6%
       horse:  87.4%
        ship:  91.0%
       truck:  87.9%

Epoch  68/150 Summary:
  Train Loss: 0.8903 | Train Acc:  83.02%
  Val Loss:   0.9053 | Val Acc:    82.13%
  Best Acc:    82.49% (epoch 64)
  LR: 0.001719 | Time: 26.0s
  📈 Gap to target: 2.87%
------------------------------------------------------------
Epoch  69 [  0/391] Loss: 0.8615 Acc: 85.16%
Epoch  69 [100/391] Loss: 0.8402 Acc: 82.73%
Epoch  69 [200/391] Loss: 0.9293 Acc: 82.87%
Epoch  69 [300/391] Loss: 0.9664 Acc: 82.98%

Per-class accuracies (Epoch 69):
    airplane:  84.6%
  automobile:  92.6%
        bird:  76.6%
         cat:  64.2%
        deer:  82.5%
         dog:  71.9%
        frog:  82.9%
       horse:  87.3%
        ship:  91.4%
       truck:  90.2%

Epoch  69/150 Summary:
  Train Loss: 0.8935 | Train Acc:  82.95%
  Val Loss:   0.9017 | Val Acc:    82.42%
  Best Acc:    82.49% (epoch 64)
  LR: 0.001688 | Time: 27.5s
  📈 Gap to target: 2.58%
------------------------------------------------------------
Epoch  70 [  0/391] Loss: 0.8300 Acc: 86.72%
Epoch  70 [100/391] Loss: 0.8673 Acc: 83.69%
Epoch  70 [200/391] Loss: 0.9405 Acc: 83.54%
Epoch  70 [300/391] Loss: 0.8297 Acc: 83.50%
💾 New best model saved: 82.56% (epoch 70)

Per-class accuracies (Epoch 70):
    airplane:  87.2%
  automobile:  93.1%
        bird:  76.7%
         cat:  64.9%
        deer:  80.0%
         dog:  67.2%
        frog:  90.8%
       horse:  87.2%
        ship:  90.8%
       truck:  87.7%

Epoch  70/150 Summary:
  Train Loss: 0.8867 | Train Acc:  83.24%
  Val Loss:   0.9029 | Val Acc:    82.56%
  Best Acc:    82.56% (epoch 70)
  LR: 0.001657 | Time: 26.0s
  📈 Gap to target: 2.44%
------------------------------------------------------------
Epoch  71 [  0/391] Loss: 0.8371 Acc: 83.59%
Epoch  71 [100/391] Loss: 0.9443 Acc: 83.52%
Epoch  71 [200/391] Loss: 0.8342 Acc: 83.51%
Epoch  71 [300/391] Loss: 0.9047 Acc: 83.46%

Per-class accuracies (Epoch 71):
    airplane:  81.7%
  automobile:  92.2%
        bird:  76.0%
         cat:  63.7%
        deer:  75.1%
         dog:  76.4%
        frog:  86.9%
       horse:  90.3%
        ship:  91.9%
       truck:  90.0%

Epoch  71/150 Summary:
  Train Loss: 0.8831 | Train Acc:  83.43%
  Val Loss:   0.8989 | Val Acc:    82.42%
  Best Acc:    82.56% (epoch 70)
  LR: 0.001626 | Time: 26.1s
  📈 Gap to target: 2.58%
------------------------------------------------------------
Epoch  72 [  0/391] Loss: 0.9210 Acc: 82.81%
Epoch  72 [100/391] Loss: 0.7986 Acc: 83.98%
Epoch  72 [200/391] Loss: 0.9776 Acc: 83.68%
Epoch  72 [300/391] Loss: 0.8842 Acc: 83.56%

Per-class accuracies (Epoch 72):
    airplane:  84.4%
  automobile:  94.5%
        bird:  78.4%
         cat:  58.0%
        deer:  80.3%
         dog:  74.1%
        frog:  88.9%
       horse:  87.4%
        ship:  92.4%
       truck:  85.9%

Epoch  72/150 Summary:
  Train Loss: 0.8818 | Train Acc:  83.37%
  Val Loss:   0.9028 | Val Acc:    82.43%
  Best Acc:    82.56% (epoch 70)
  LR: 0.001594 | Time: 26.1s
  📈 Gap to target: 2.57%
------------------------------------------------------------
Epoch  73 [  0/391] Loss: 0.8319 Acc: 85.94%
Epoch  73 [100/391] Loss: 0.9701 Acc: 83.81%
Epoch  73 [200/391] Loss: 0.8897 Acc: 83.71%
Epoch  73 [300/391] Loss: 0.7811 Acc: 83.54%
💾 New best model saved: 82.83% (epoch 73)

Per-class accuracies (Epoch 73):
    airplane:  86.4%
  automobile:  92.8%
        bird:  76.9%
         cat:  61.1%
        deer:  83.7%
         dog:  75.0%
        frog:  84.9%
       horse:  88.0%
        ship:  89.7%
       truck:  89.8%

Epoch  73/150 Summary:
  Train Loss: 0.8830 | Train Acc:  83.47%
  Val Loss:   0.8963 | Val Acc:    82.83%
  Best Acc:    82.83% (epoch 73)
  LR: 0.001563 | Time: 26.3s
  📈 Gap to target: 2.17%
------------------------------------------------------------
Epoch  74 [  0/391] Loss: 0.8349 Acc: 86.72%
Epoch  74 [100/391] Loss: 0.8816 Acc: 83.41%
Epoch  74 [200/391] Loss: 0.8890 Acc: 83.64%
Epoch  74 [300/391] Loss: 1.0168 Acc: 83.51%

Per-class accuracies (Epoch 74):
    airplane:  85.8%
  automobile:  92.0%
        bird:  74.6%
         cat:  64.8%
        deer:  80.6%
         dog:  71.6%
        frog:  88.7%
       horse:  85.2%
        ship:  90.6%
       truck:  89.4%

Epoch  74/150 Summary:
  Train Loss: 0.8839 | Train Acc:  83.52%
  Val Loss:   0.9004 | Val Acc:    82.33%
  Best Acc:    82.83% (epoch 73)
  LR: 0.001531 | Time: 26.5s
  📈 Gap to target: 2.67%
------------------------------------------------------------
Epoch  75 [  0/391] Loss: 0.9402 Acc: 78.91%
Epoch  75 [100/391] Loss: 0.8437 Acc: 83.74%
Epoch  75 [200/391] Loss: 0.8146 Acc: 83.86%
Epoch  75 [300/391] Loss: 0.8903 Acc: 83.66%

Per-class accuracies (Epoch 75):
    airplane:  86.8%
  automobile:  92.6%
        bird:  76.0%
         cat:  60.0%
        deer:  79.0%
         dog:  77.6%
        frog:  87.7%
       horse:  85.6%
        ship:  92.0%
       truck:  87.7%

Epoch  75/150 Summary:
  Train Loss: 0.8786 | Train Acc:  83.62%
  Val Loss:   0.8960 | Val Acc:    82.50%
  Best Acc:    82.83% (epoch 73)
  LR: 0.001500 | Time: 26.1s
  📈 Gap to target: 2.50%
------------------------------------------------------------
Epoch  76 [  0/391] Loss: 0.8677 Acc: 81.25%
Epoch  76 [100/391] Loss: 0.8683 Acc: 83.61%
Epoch  76 [200/391] Loss: 0.8513 Acc: 83.56%
Epoch  76 [300/391] Loss: 0.8605 Acc: 83.64%

Per-class accuracies (Epoch 76):
    airplane:  85.9%
  automobile:  93.3%
        bird:  76.0%
         cat:  58.3%
        deer:  81.0%
         dog:  73.0%
        frog:  90.5%
       horse:  90.0%
        ship:  86.8%
       truck:  86.9%

Epoch  76/150 Summary:
  Train Loss: 0.8787 | Train Acc:  83.64%
  Val Loss:   0.9019 | Val Acc:    82.17%
  Best Acc:    82.83% (epoch 73)
  LR: 0.001469 | Time: 27.6s
  📈 Gap to target: 2.83%
------------------------------------------------------------
Epoch  77 [  0/391] Loss: 0.8008 Acc: 87.50%
Epoch  77 [100/391] Loss: 0.9061 Acc: 84.18%
Epoch  77 [200/391] Loss: 0.8034 Acc: 84.03%
Epoch  77 [300/391] Loss: 0.8826 Acc: 83.76%

Per-class accuracies (Epoch 77):
    airplane:  86.1%
  automobile:  92.1%
        bird:  76.4%
         cat:  62.1%
        deer:  82.0%
         dog:  70.2%
        frog:  88.2%
       horse:  87.5%
        ship:  89.2%
       truck:  90.2%

Epoch  77/150 Summary:
  Train Loss: 0.8748 | Train Acc:  83.83%
  Val Loss:   0.8970 | Val Acc:    82.40%
  Best Acc:    82.83% (epoch 73)
  LR: 0.001437 | Time: 26.7s
  📈 Gap to target: 2.60%
------------------------------------------------------------
Epoch  78 [  0/391] Loss: 0.8617 Acc: 85.16%
Epoch  78 [100/391] Loss: 0.8637 Acc: 84.02%
Epoch  78 [200/391] Loss: 0.9284 Acc: 84.11%
Epoch  78 [300/391] Loss: 0.9249 Acc: 84.15%
💾 New best model saved: 83.03% (epoch 78)

Per-class accuracies (Epoch 78):
    airplane:  84.5%
  automobile:  92.3%
        bird:  75.5%
         cat:  64.3%
        deer:  80.1%
         dog:  76.7%
        frog:  88.4%
       horse:  89.3%
        ship:  91.2%
       truck:  88.0%

Epoch  78/150 Summary:
  Train Loss: 0.8722 | Train Acc:  84.10%
  Val Loss:   0.8925 | Val Acc:    83.03%
  Best Acc:    83.03% (epoch 78)
  LR: 0.001406 | Time: 26.2s
  📈 Gap to target: 1.97%
------------------------------------------------------------
Epoch  79 [  0/391] Loss: 0.8177 Acc: 86.72%
Epoch  79 [100/391] Loss: 0.8336 Acc: 84.04%
Epoch  79 [200/391] Loss: 0.8928 Acc: 84.12%
Epoch  79 [300/391] Loss: 0.9061 Acc: 84.13%

Per-class accuracies (Epoch 79):
    airplane:  86.3%
  automobile:  94.0%
        bird:  76.2%
         cat:  61.1%
        deer:  78.6%
         dog:  76.7%
        frog:  89.5%
       horse:  89.0%
        ship:  90.5%
       truck:  88.1%

Epoch  79/150 Summary:
  Train Loss: 0.8731 | Train Acc:  84.07%
  Val Loss:   0.8943 | Val Acc:    83.00%
  Best Acc:    83.03% (epoch 78)
  LR: 0.001374 | Time: 26.3s
  📈 Gap to target: 2.00%
------------------------------------------------------------
Epoch  80 [  0/391] Loss: 0.8674 Acc: 85.94%
Epoch  80 [100/391] Loss: 0.8753 Acc: 83.83%
Epoch  80 [200/391] Loss: 0.8380 Acc: 83.99%
Epoch  80 [300/391] Loss: 0.8895 Acc: 83.96%

Per-class accuracies (Epoch 80):
    airplane:  83.6%
  automobile:  92.3%
        bird:  76.0%
         cat:  61.7%
        deer:  83.9%
         dog:  75.6%
        frog:  87.7%
       horse:  85.4%
        ship:  92.9%
       truck:  88.6%

Epoch  80/150 Summary:
  Train Loss: 0.8732 | Train Acc:  83.98%
  Val Loss:   0.8981 | Val Acc:    82.77%
  Best Acc:    83.03% (epoch 78)
  LR: 0.001343 | Time: 26.4s
  📈 Gap to target: 2.23%
------------------------------------------------------------
Epoch  81 [  0/391] Loss: 0.9641 Acc: 82.03%
Epoch  81 [100/391] Loss: 0.8811 Acc: 84.45%
Epoch  81 [200/391] Loss: 0.8335 Acc: 84.25%
Epoch  81 [300/391] Loss: 0.8182 Acc: 84.07%

Per-class accuracies (Epoch 81):
    airplane:  87.3%
  automobile:  92.1%
        bird:  76.0%
         cat:  61.0%
        deer:  79.3%
         dog:  73.4%
        frog:  89.6%
       horse:  89.0%
        ship:  87.8%
       truck:  91.5%

Epoch  81/150 Summary:
  Train Loss: 0.8704 | Train Acc:  84.12%
  Val Loss:   0.8992 | Val Acc:    82.70%
  Best Acc:    83.03% (epoch 78)
  LR: 0.001312 | Time: 27.5s
  📈 Gap to target: 2.30%
------------------------------------------------------------
Epoch  82 [  0/391] Loss: 0.8736 Acc: 82.03%
Epoch  82 [100/391] Loss: 0.8226 Acc: 84.33%
Epoch  82 [200/391] Loss: 0.7993 Acc: 84.32%
Epoch  82 [300/391] Loss: 0.7873 Acc: 84.27%

Per-class accuracies (Epoch 82):
    airplane:  86.6%
  automobile:  91.9%
        bird:  75.9%
         cat:  60.3%
        deer:  79.1%
         dog:  70.7%
        frog:  89.0%
       horse:  90.6%
        ship:  90.5%
       truck:  90.0%

Epoch  82/150 Summary:
  Train Loss: 0.8669 | Train Acc:  84.16%
  Val Loss:   0.9004 | Val Acc:    82.46%
  Best Acc:    83.03% (epoch 78)
  LR: 0.001281 | Time: 27.0s
  📈 Gap to target: 2.54%
------------------------------------------------------------
Epoch  83 [  0/391] Loss: 1.0307 Acc: 75.00%
Epoch  83 [100/391] Loss: 0.8407 Acc: 84.11%
Epoch  83 [200/391] Loss: 0.8448 Acc: 84.55%
Epoch  83 [300/391] Loss: 0.8463 Acc: 84.53%

Per-class accuracies (Epoch 83):
    airplane:  83.9%
  automobile:  92.0%
        bird:  77.8%
         cat:  65.1%
        deer:  79.8%
         dog:  71.2%
        frog:  89.7%
       horse:  87.3%
        ship:  92.3%
       truck:  89.6%

Epoch  83/150 Summary:
  Train Loss: 0.8624 | Train Acc:  84.38%
  Val Loss:   0.8925 | Val Acc:    82.87%
  Best Acc:    83.03% (epoch 78)
  LR: 0.001250 | Time: 26.7s
  📈 Gap to target: 2.13%
------------------------------------------------------------
Epoch  84 [  0/391] Loss: 0.8341 Acc: 85.94%
Epoch  84 [100/391] Loss: 0.8397 Acc: 84.28%
Epoch  84 [200/391] Loss: 0.8406 Acc: 84.65%
Epoch  84 [300/391] Loss: 0.8102 Acc: 84.63%
💾 New best model saved: 83.08% (epoch 84)

Per-class accuracies (Epoch 84):
    airplane:  86.5%
  automobile:  94.3%
        bird:  75.4%
         cat:  59.8%
        deer:  81.6%
         dog:  75.5%
        frog:  87.9%
       horse:  89.8%
        ship:  90.7%
       truck:  89.3%

Epoch  84/150 Summary:
  Train Loss: 0.8611 | Train Acc:  84.50%
  Val Loss:   0.8945 | Val Acc:    83.08%
  Best Acc:    83.08% (epoch 84)
  LR: 0.001219 | Time: 27.9s
  📈 Gap to target: 1.92%
------------------------------------------------------------
Epoch  85 [  0/391] Loss: 0.9090 Acc: 79.69%
Epoch  85 [100/391] Loss: 0.8180 Acc: 84.58%
Epoch  85 [200/391] Loss: 0.8818 Acc: 84.65%
Epoch  85 [300/391] Loss: 0.8950 Acc: 84.73%

Per-class accuracies (Epoch 85):
    airplane:  85.1%
  automobile:  93.0%
        bird:  77.5%
         cat:  61.2%
        deer:  79.8%
         dog:  71.2%
        frog:  89.6%
       horse:  88.6%
        ship:  92.6%
       truck:  89.5%

Epoch  85/150 Summary:
  Train Loss: 0.8587 | Train Acc:  84.60%
  Val Loss:   0.8951 | Val Acc:    82.81%
  Best Acc:    83.08% (epoch 84)
  LR: 0.001188 | Time: 27.1s
  📈 Gap to target: 2.19%
------------------------------------------------------------
Epoch  86 [  0/391] Loss: 0.8289 Acc: 84.38%
Epoch  86 [100/391] Loss: 0.8588 Acc: 85.03%
Epoch  86 [200/391] Loss: 0.8645 Acc: 84.81%
Epoch  86 [300/391] Loss: 0.8780 Acc: 84.79%

Per-class accuracies (Epoch 86):
    airplane:  85.1%
  automobile:  91.9%
        bird:  72.5%
         cat:  59.6%
        deer:  82.6%
         dog:  77.7%
        frog:  86.3%
       horse:  89.7%
        ship:  90.5%
       truck:  91.8%

Epoch  86/150 Summary:
  Train Loss: 0.8589 | Train Acc:  84.69%
  Val Loss:   0.9041 | Val Acc:    82.77%
  Best Acc:    83.08% (epoch 84)
  LR: 0.001157 | Time: 26.5s
  📈 Gap to target: 2.23%
------------------------------------------------------------
Epoch  87 [  0/391] Loss: 0.8412 Acc: 85.94%
Epoch  87 [100/391] Loss: 0.8206 Acc: 84.49%
Epoch  87 [200/391] Loss: 0.9387 Acc: 84.48%
Epoch  87 [300/391] Loss: 0.8120 Acc: 84.64%

Per-class accuracies (Epoch 87):
    airplane:  85.5%
  automobile:  92.9%
        bird:  74.3%
         cat:  64.0%
        deer:  81.1%
         dog:  74.2%
        frog:  90.5%
       horse:  86.9%
        ship:  90.2%
       truck:  90.9%

Epoch  87/150 Summary:
  Train Loss: 0.8583 | Train Acc:  84.59%
  Val Loss:   0.8904 | Val Acc:    83.05%
  Best Acc:    83.08% (epoch 84)
  LR: 0.001127 | Time: 26.3s
  📈 Gap to target: 1.95%
------------------------------------------------------------
Epoch  88 [  0/391] Loss: 0.9238 Acc: 84.38%
Epoch  88 [100/391] Loss: 0.8218 Acc: 85.20%
Epoch  88 [200/391] Loss: 0.8800 Acc: 84.99%
Epoch  88 [300/391] Loss: 0.7654 Acc: 84.77%

Per-class accuracies (Epoch 88):
    airplane:  88.2%
  automobile:  92.1%
        bird:  77.6%
         cat:  66.6%
        deer:  79.7%
         dog:  70.8%
        frog:  88.7%
       horse:  86.7%
        ship:  89.7%
       truck:  89.3%

Epoch  88/150 Summary:
  Train Loss: 0.8589 | Train Acc:  84.60%
  Val Loss:   0.8928 | Val Acc:    82.94%
  Best Acc:    83.08% (epoch 84)
  LR: 0.001097 | Time: 26.1s
  📈 Gap to target: 2.06%
------------------------------------------------------------
Epoch  89 [  0/391] Loss: 0.9145 Acc: 85.16%
Epoch  89 [100/391] Loss: 0.8546 Acc: 84.67%
Epoch  89 [200/391] Loss: 0.9111 Acc: 84.66%
Epoch  89 [300/391] Loss: 0.8241 Acc: 84.75%
💾 New best model saved: 83.20% (epoch 89)

Per-class accuracies (Epoch 89):
    airplane:  88.8%
  automobile:  90.5%
        bird:  77.2%
         cat:  59.2%
        deer:  84.0%
         dog:  75.2%
        frog:  87.2%
       horse:  87.8%
        ship:  90.6%
       truck:  91.5%

Epoch  89/150 Summary:
  Train Loss: 0.8550 | Train Acc:  84.82%
  Val Loss:   0.8972 | Val Acc:    83.20%
  Best Acc:    83.20% (epoch 89)
  LR: 0.001066 | Time: 26.1s
  📈 Gap to target: 1.80%
------------------------------------------------------------
Epoch  90 [  0/391] Loss: 0.9221 Acc: 80.47%
Epoch  90 [100/391] Loss: 0.7581 Acc: 85.04%
Epoch  90 [200/391] Loss: 0.8245 Acc: 85.22%
Epoch  90 [300/391] Loss: 0.8145 Acc: 84.88%

Per-class accuracies (Epoch 90):
    airplane:  86.1%
  automobile:  93.5%
        bird:  79.9%
         cat:  59.4%
        deer:  78.9%
         dog:  77.1%
        frog:  86.6%
       horse:  90.3%
        ship:  91.3%
       truck:  88.2%

Epoch  90/150 Summary:
  Train Loss: 0.8530 | Train Acc:  84.77%
  Val Loss:   0.8875 | Val Acc:    83.13%
  Best Acc:    83.20% (epoch 89)
  LR: 0.001036 | Time: 26.1s
  📈 Gap to target: 1.87%
------------------------------------------------------------
Epoch  91 [  0/391] Loss: 0.8076 Acc: 85.94%
Epoch  91 [100/391] Loss: 0.8394 Acc: 84.66%
Epoch  91 [200/391] Loss: 0.8601 Acc: 84.90%
Epoch  91 [300/391] Loss: 0.9685 Acc: 85.01%

Per-class accuracies (Epoch 91):
    airplane:  90.2%
  automobile:  92.9%
        bird:  77.3%
         cat:  61.9%
        deer:  78.0%
         dog:  72.6%
        frog:  90.2%
       horse:  90.3%
        ship:  89.4%
       truck:  85.6%

Epoch  91/150 Summary:
  Train Loss: 0.8503 | Train Acc:  85.12%
  Val Loss:   0.8993 | Val Acc:    82.84%
  Best Acc:    83.20% (epoch 89)
  LR: 0.001007 | Time: 26.3s
  📈 Gap to target: 2.16%
------------------------------------------------------------
Epoch  92 [  0/391] Loss: 0.8323 Acc: 82.81%
Epoch  92 [100/391] Loss: 0.8656 Acc: 84.74%
Epoch  92 [200/391] Loss: 0.8876 Acc: 84.81%
Epoch  92 [300/391] Loss: 0.8505 Acc: 84.69%
💾 New best model saved: 83.27% (epoch 92)

Per-class accuracies (Epoch 92):
    airplane:  85.5%
  automobile:  90.7%
        bird:  76.6%
         cat:  62.7%
        deer:  82.6%
         dog:  75.7%
        frog:  88.8%
       horse:  88.8%
        ship:  91.5%
       truck:  89.8%

Epoch  92/150 Summary:
  Train Loss: 0.8527 | Train Acc:  84.77%
  Val Loss:   0.8872 | Val Acc:    83.27%
  Best Acc:    83.27% (epoch 92)
  LR: 0.000977 | Time: 27.5s
  📈 Gap to target: 1.73%
------------------------------------------------------------
Epoch  93 [  0/391] Loss: 0.9462 Acc: 79.69%
Epoch  93 [100/391] Loss: 0.9075 Acc: 84.87%
Epoch  93 [200/391] Loss: 0.8115 Acc: 85.11%
Epoch  93 [300/391] Loss: 0.8251 Acc: 85.22%

Per-class accuracies (Epoch 93):
    airplane:  87.3%
  automobile:  92.5%
        bird:  77.0%
         cat:  58.7%
        deer:  82.8%
         dog:  74.9%
        frog:  89.9%
       horse:  89.2%
        ship:  89.9%
       truck:  89.8%

Epoch  93/150 Summary:
  Train Loss: 0.8465 | Train Acc:  85.21%
  Val Loss:   0.8886 | Val Acc:    83.20%
  Best Acc:    83.27% (epoch 92)
  LR: 0.000948 | Time: 26.0s
  📈 Gap to target: 1.80%
------------------------------------------------------------
Epoch  94 [  0/391] Loss: 0.8281 Acc: 87.50%
Epoch  94 [100/391] Loss: 0.8162 Acc: 85.02%
Epoch  94 [200/391] Loss: 0.7392 Acc: 85.02%
Epoch  94 [300/391] Loss: 0.8724 Acc: 85.15%
💾 New best model saved: 83.64% (epoch 94)

Per-class accuracies (Epoch 94):
    airplane:  88.7%
  automobile:  92.7%
        bird:  77.0%
         cat:  67.0%
        deer:  82.8%
         dog:  72.9%
        frog:  87.8%
       horse:  87.8%
        ship:  89.6%
       truck:  90.1%

Epoch  94/150 Summary:
  Train Loss: 0.8505 | Train Acc:  85.01%
  Val Loss:   0.8832 | Val Acc:    83.64%
  Best Acc:    83.64% (epoch 94)
  LR: 0.000919 | Time: 26.6s
  📈 Gap to target: 1.36%
------------------------------------------------------------
Epoch  95 [  0/391] Loss: 0.8102 Acc: 88.28%
Epoch  95 [100/391] Loss: 0.7906 Acc: 85.22%
Epoch  95 [200/391] Loss: 0.7729 Acc: 85.42%
Epoch  95 [300/391] Loss: 0.8356 Acc: 85.30%

Per-class accuracies (Epoch 95):
    airplane:  85.6%
  automobile:  89.8%
        bird:  78.5%
         cat:  63.4%
        deer:  83.8%
         dog:  72.3%
        frog:  87.1%
       horse:  90.3%
        ship:  90.0%
       truck:  92.0%

Epoch  95/150 Summary:
  Train Loss: 0.8466 | Train Acc:  85.21%
  Val Loss:   0.8908 | Val Acc:    83.28%
  Best Acc:    83.64% (epoch 94)
  LR: 0.000890 | Time: 26.6s
  📈 Gap to target: 1.72%
------------------------------------------------------------
Epoch  96 [  0/391] Loss: 0.8753 Acc: 86.72%
Epoch  96 [100/391] Loss: 0.7980 Acc: 85.54%
Epoch  96 [200/391] Loss: 0.7455 Acc: 85.65%
Epoch  96 [300/391] Loss: 0.8865 Acc: 85.56%

Per-class accuracies (Epoch 96):
    airplane:  86.9%
  automobile:  90.8%
        bird:  75.2%
         cat:  66.3%
        deer:  84.6%
         dog:  75.9%
        frog:  87.5%
       horse:  85.3%
        ship:  90.3%
       truck:  90.8%

Epoch  96/150 Summary:
  Train Loss: 0.8441 | Train Acc:  85.39%
  Val Loss:   0.8848 | Val Acc:    83.36%
  Best Acc:    83.64% (epoch 94)
  LR: 0.000861 | Time: 26.5s
  📈 Gap to target: 1.64%
------------------------------------------------------------
Epoch  97 [  0/391] Loss: 0.9441 Acc: 78.91%
Epoch  97 [100/391] Loss: 0.8309 Acc: 85.30%
Epoch  97 [200/391] Loss: 0.7921 Acc: 85.14%
Epoch  97 [300/391] Loss: 0.9231 Acc: 85.35%

Per-class accuracies (Epoch 97):
    airplane:  89.5%
  automobile:  92.5%
        bird:  75.3%
         cat:  62.3%
        deer:  80.7%
         dog:  76.7%
        frog:  87.5%
       horse:  90.0%
        ship:  91.2%
       truck:  88.9%

Epoch  97/150 Summary:
  Train Loss: 0.8422 | Train Acc:  85.20%
  Val Loss:   0.8877 | Val Acc:    83.46%
  Best Acc:    83.64% (epoch 94)
  LR: 0.000833 | Time: 26.3s
  📈 Gap to target: 1.54%
------------------------------------------------------------
Epoch  98 [  0/391] Loss: 0.8481 Acc: 85.94%
Epoch  98 [100/391] Loss: 0.8140 Acc: 85.69%
Epoch  98 [200/391] Loss: 0.8304 Acc: 85.39%
Epoch  98 [300/391] Loss: 0.8104 Acc: 85.24%

Per-class accuracies (Epoch 98):
    airplane:  86.2%
  automobile:  92.2%
        bird:  77.0%
         cat:  63.6%
        deer:  80.7%
         dog:  75.9%
        frog:  87.9%
       horse:  87.5%
        ship:  92.4%
       truck:  89.6%

Epoch  98/150 Summary:
  Train Loss: 0.8436 | Train Acc:  85.28%
  Val Loss:   0.8825 | Val Acc:    83.30%
  Best Acc:    83.64% (epoch 94)
  LR: 0.000805 | Time: 26.2s
  📈 Gap to target: 1.70%
------------------------------------------------------------
Epoch  99 [  0/391] Loss: 0.8453 Acc: 83.59%
Epoch  99 [100/391] Loss: 0.7339 Acc: 86.19%
Epoch  99 [200/391] Loss: 0.8879 Acc: 85.77%
Epoch  99 [300/391] Loss: 0.7901 Acc: 85.67%

Per-class accuracies (Epoch 99):
    airplane:  87.6%
  automobile:  92.0%
        bird:  76.0%
         cat:  65.1%
        deer:  79.7%
         dog:  73.9%
        frog:  87.5%
       horse:  88.2%
        ship:  92.4%
       truck:  90.1%

Epoch  99/150 Summary:
  Train Loss: 0.8386 | Train Acc:  85.65%
  Val Loss:   0.8889 | Val Acc:    83.25%
  Best Acc:    83.64% (epoch 94)
  LR: 0.000777 | Time: 27.3s
  📈 Gap to target: 1.75%
------------------------------------------------------------
Epoch 100 [  0/391] Loss: 0.8408 Acc: 86.72%
Epoch 100 [100/391] Loss: 0.7548 Acc: 85.56%
Epoch 100 [200/391] Loss: 0.7915 Acc: 85.34%
Epoch 100 [300/391] Loss: 0.8800 Acc: 85.37%

Per-class accuracies (Epoch 100):
    airplane:  83.5%
  automobile:  93.1%
        bird:  78.7%
         cat:  63.1%
        deer:  78.7%
         dog:  77.6%
        frog:  88.1%
       horse:  87.1%
        ship:  92.0%
       truck:  89.4%

Epoch 100/150 Summary:
  Train Loss: 0.8417 | Train Acc:  85.43%
  Val Loss:   0.8827 | Val Acc:    83.13%
  Best Acc:    83.64% (epoch 94)
  LR: 0.000750 | Time: 26.1s
  📈 Gap to target: 1.87%
------------------------------------------------------------
Epoch 101 [  0/391] Loss: 0.8670 Acc: 83.59%
Epoch 101 [100/391] Loss: 0.7772 Acc: 85.67%
Epoch 101 [200/391] Loss: 0.8017 Acc: 85.94%
Epoch 101 [300/391] Loss: 0.7877 Acc: 85.86%
💾 New best model saved: 83.69% (epoch 101)

Per-class accuracies (Epoch 101):
    airplane:  84.9%
  automobile:  91.7%
        bird:  80.1%
         cat:  61.3%
        deer:  84.0%
         dog:  75.8%
        frog:  87.5%
       horse:  88.6%
        ship:  92.2%
       truck:  90.8%

Epoch 101/150 Summary:
  Train Loss: 0.8394 | Train Acc:  85.75%
  Val Loss:   0.8771 | Val Acc:    83.69%
  Best Acc:    83.69% (epoch 101)
  LR: 0.000723 | Time: 26.1s
  📈 Gap to target: 1.31%
------------------------------------------------------------
Epoch 102 [  0/391] Loss: 0.9011 Acc: 82.81%
Epoch 102 [100/391] Loss: 0.9049 Acc: 85.21%
Epoch 102 [200/391] Loss: 0.7664 Acc: 85.86%
Epoch 102 [300/391] Loss: 0.8361 Acc: 85.67%

Per-class accuracies (Epoch 102):
    airplane:  87.0%
  automobile:  92.9%
        bird:  78.2%
         cat:  62.5%
        deer:  78.8%
         dog:  78.1%
        frog:  88.1%
       horse:  88.8%
        ship:  90.9%
       truck:  88.9%

Epoch 102/150 Summary:
  Train Loss: 0.8380 | Train Acc:  85.61%
  Val Loss:   0.8844 | Val Acc:    83.42%
  Best Acc:    83.69% (epoch 101)
  LR: 0.000696 | Time: 26.2s
  📈 Gap to target: 1.58%
------------------------------------------------------------
Epoch 103 [  0/391] Loss: 0.8466 Acc: 84.38%
Epoch 103 [100/391] Loss: 0.7466 Acc: 85.64%
Epoch 103 [200/391] Loss: 0.8499 Acc: 85.66%
Epoch 103 [300/391] Loss: 0.7915 Acc: 85.58%

Per-class accuracies (Epoch 103):
    airplane:  87.0%
  automobile:  92.4%
        bird:  78.3%
         cat:  65.2%
        deer:  81.4%
         dog:  73.4%
        frog:  88.5%
       horse:  89.1%
        ship:  90.5%
       truck:  89.0%

Epoch 103/150 Summary:
  Train Loss: 0.8376 | Train Acc:  85.57%
  Val Loss:   0.8826 | Val Acc:    83.48%
  Best Acc:    83.69% (epoch 101)
  LR: 0.000670 | Time: 26.4s
  📈 Gap to target: 1.52%
------------------------------------------------------------
Epoch 104 [  0/391] Loss: 0.7506 Acc: 91.41%
Epoch 104 [100/391] Loss: 0.7888 Acc: 86.12%
Epoch 104 [200/391] Loss: 0.9225 Acc: 85.86%
Epoch 104 [300/391] Loss: 0.8422 Acc: 85.80%

Per-class accuracies (Epoch 104):
    airplane:  87.3%
  automobile:  92.5%
        bird:  75.3%
         cat:  61.8%
        deer:  80.7%
         dog:  77.9%
        frog:  87.5%
       horse:  90.3%
        ship:  91.5%
       truck:  89.5%

Epoch 104/150 Summary:
  Train Loss: 0.8337 | Train Acc:  85.85%
  Val Loss:   0.8853 | Val Acc:    83.43%
  Best Acc:    83.69% (epoch 101)
  LR: 0.000644 | Time: 26.9s
  📈 Gap to target: 1.57%
------------------------------------------------------------
Epoch 105 [  0/391] Loss: 0.7591 Acc: 89.06%
Epoch 105 [100/391] Loss: 0.8198 Acc: 85.43%
Epoch 105 [200/391] Loss: 0.7844 Acc: 85.72%
Epoch 105 [300/391] Loss: 0.8671 Acc: 85.65%

Per-class accuracies (Epoch 105):
    airplane:  87.7%
  automobile:  92.8%
        bird:  79.2%
         cat:  64.0%
        deer:  80.5%
         dog:  72.8%
        frog:  89.7%
       horse:  88.2%
        ship:  92.4%
       truck:  89.6%

Epoch 105/150 Summary:
  Train Loss: 0.8342 | Train Acc:  85.71%
  Val Loss:   0.8811 | Val Acc:    83.69%
  Best Acc:    83.69% (epoch 101)
  LR: 0.000618 | Time: 27.1s
  📈 Gap to target: 1.31%
------------------------------------------------------------
Epoch 106 [  0/391] Loss: 0.8670 Acc: 84.38%
Epoch 106 [100/391] Loss: 0.8001 Acc: 85.33%
Epoch 106 [200/391] Loss: 0.7952 Acc: 85.70%
Epoch 106 [300/391] Loss: 0.7630 Acc: 85.83%
💾 New best model saved: 83.75% (epoch 106)

Per-class accuracies (Epoch 106):
    airplane:  85.8%
  automobile:  92.7%
        bird:  76.3%
         cat:  64.4%
        deer:  80.0%
         dog:  77.7%
        frog:  88.8%
       horse:  90.1%
        ship:  92.0%
       truck:  89.7%

Epoch 106/150 Summary:
  Train Loss: 0.8300 | Train Acc:  85.84%
  Val Loss:   0.8820 | Val Acc:    83.75%
  Best Acc:    83.75% (epoch 106)
  LR: 0.000593 | Time: 26.5s
  📈 Gap to target: 1.25%
------------------------------------------------------------
Epoch 107 [  0/391] Loss: 0.7668 Acc: 85.94%
Epoch 107 [100/391] Loss: 0.8284 Acc: 86.25%
Epoch 107 [200/391] Loss: 0.8373 Acc: 86.19%
Epoch 107 [300/391] Loss: 0.8697 Acc: 86.03%

Per-class accuracies (Epoch 107):
    airplane:  87.7%
  automobile:  93.0%
        bird:  76.8%
         cat:  66.3%
        deer:  80.8%
         dog:  73.6%
        frog:  88.4%
       horse:  90.1%
        ship:  90.5%
       truck:  89.5%

Epoch 107/150 Summary:
  Train Loss: 0.8314 | Train Acc:  85.97%
  Val Loss:   0.8803 | Val Acc:    83.67%
  Best Acc:    83.75% (epoch 106)
  LR: 0.000568 | Time: 27.4s
  📈 Gap to target: 1.33%
------------------------------------------------------------
Epoch 108 [  0/391] Loss: 0.8163 Acc: 85.94%
Epoch 108 [100/391] Loss: 0.7718 Acc: 86.12%
Epoch 108 [200/391] Loss: 0.8087 Acc: 86.25%
Epoch 108 [300/391] Loss: 0.8768 Acc: 86.18%
💾 New best model saved: 83.76% (epoch 108)

Per-class accuracies (Epoch 108):
    airplane:  88.2%
  automobile:  93.7%
        bird:  74.9%
         cat:  61.9%
        deer:  81.6%
         dog:  76.1%
        frog:  88.6%
       horse:  92.1%
        ship:  91.5%
       truck:  89.0%

Epoch 108/150 Summary:
  Train Loss: 0.8277 | Train Acc:  86.06%
  Val Loss:   0.8815 | Val Acc:    83.76%
  Best Acc:    83.76% (epoch 108)
  LR: 0.000544 | Time: 26.1s
  📈 Gap to target: 1.24%
------------------------------------------------------------
Epoch 109 [  0/391] Loss: 0.8306 Acc: 83.59%
Epoch 109 [100/391] Loss: 0.8086 Acc: 85.55%
Epoch 109 [200/391] Loss: 0.7033 Acc: 85.93%
Epoch 109 [300/391] Loss: 0.9337 Acc: 85.91%
💾 New best model saved: 83.86% (epoch 109)

Per-class accuracies (Epoch 109):
    airplane:  87.0%
  automobile:  92.7%
        bird:  77.7%
         cat:  63.6%
        deer:  81.6%
         dog:  77.5%
        frog:  89.3%
       horse:  87.6%
        ship:  92.3%
       truck:  89.3%

Epoch 109/150 Summary:
  Train Loss: 0.8312 | Train Acc:  85.90%
  Val Loss:   0.8814 | Val Acc:    83.86%
  Best Acc:    83.86% (epoch 109)
  LR: 0.000520 | Time: 25.9s
  📈 Gap to target: 1.14%
------------------------------------------------------------
Epoch 110 [  0/391] Loss: 0.7495 Acc: 91.41%
Epoch 110 [100/391] Loss: 0.8163 Acc: 85.87%
Epoch 110 [200/391] Loss: 0.8504 Acc: 85.96%
Epoch 110 [300/391] Loss: 0.8104 Acc: 85.87%

Per-class accuracies (Epoch 110):
    airplane:  87.2%
  automobile:  93.4%
        bird:  77.6%
         cat:  64.8%
        deer:  80.7%
         dog:  76.5%
        frog:  89.7%
       horse:  87.3%
        ship:  92.0%
       truck:  89.1%

Epoch 110/150 Summary:
  Train Loss: 0.8286 | Train Acc:  85.91%
  Val Loss:   0.8774 | Val Acc:    83.83%
  Best Acc:    83.86% (epoch 109)
  LR: 0.000496 | Time: 25.9s
  📈 Gap to target: 1.17%
------------------------------------------------------------
Epoch 111 [  0/391] Loss: 0.7872 Acc: 86.72%
Epoch 111 [100/391] Loss: 0.7330 Acc: 86.87%
Epoch 111 [200/391] Loss: 0.9167 Acc: 86.63%
Epoch 111 [300/391] Loss: 0.8449 Acc: 86.40%
💾 New best model saved: 83.89% (epoch 111)

Per-class accuracies (Epoch 111):
    airplane:  89.1%
  automobile:  93.1%
        bird:  77.7%
         cat:  63.0%
        deer:  82.1%
         dog:  74.0%
        frog:  90.2%
       horse:  89.3%
        ship:  91.3%
       truck:  89.1%

Epoch 111/150 Summary:
  Train Loss: 0.8224 | Train Acc:  86.33%
  Val Loss:   0.8798 | Val Acc:    83.89%
  Best Acc:    83.89% (epoch 111)
  LR: 0.000473 | Time: 25.6s
  📈 Gap to target: 1.11%
------------------------------------------------------------
Epoch 112 [  0/391] Loss: 0.8365 Acc: 88.28%
Epoch 112 [100/391] Loss: 0.7400 Acc: 86.56%
Epoch 112 [200/391] Loss: 0.8396 Acc: 86.47%
Epoch 112 [300/391] Loss: 0.9155 Acc: 86.34%

Per-class accuracies (Epoch 112):
    airplane:  88.4%
  automobile:  93.6%
        bird:  75.9%
         cat:  63.2%
        deer:  81.7%
         dog:  76.2%
        frog:  88.0%
       horse:  87.2%
        ship:  90.2%
       truck:  90.4%

Epoch 112/150 Summary:
  Train Loss: 0.8248 | Train Acc:  86.32%
  Val Loss:   0.8796 | Val Acc:    83.48%
  Best Acc:    83.89% (epoch 111)
  LR: 0.000451 | Time: 25.5s
  📈 Gap to target: 1.52%
------------------------------------------------------------
Epoch 113 [  0/391] Loss: 0.8914 Acc: 80.47%
Epoch 113 [100/391] Loss: 0.7744 Acc: 86.31%
Epoch 113 [200/391] Loss: 0.7536 Acc: 86.21%
Epoch 113 [300/391] Loss: 0.9396 Acc: 86.14%

Per-class accuracies (Epoch 113):
    airplane:  87.2%
  automobile:  93.4%
        bird:  79.9%
         cat:  63.8%
        deer:  80.1%
         dog:  76.1%
        frog:  88.6%
       horse:  87.3%
        ship:  91.0%
       truck:  89.1%

Epoch 113/150 Summary:
  Train Loss: 0.8272 | Train Acc:  86.07%
  Val Loss:   0.8791 | Val Acc:    83.65%
  Best Acc:    83.89% (epoch 111)
  LR: 0.000428 | Time: 25.8s
  📈 Gap to target: 1.35%
------------------------------------------------------------
Epoch 114 [  0/391] Loss: 0.8454 Acc: 85.94%
Epoch 114 [100/391] Loss: 0.8203 Acc: 86.15%
Epoch 114 [200/391] Loss: 0.8235 Acc: 86.37%
Epoch 114 [300/391] Loss: 0.8734 Acc: 86.33%

Per-class accuracies (Epoch 114):
    airplane:  86.1%
  automobile:  93.2%
        bird:  79.0%
         cat:  63.6%
        deer:  79.5%
         dog:  75.1%
        frog:  88.6%
       horse:  89.1%
        ship:  91.3%
       truck:  90.7%

Epoch 114/150 Summary:
  Train Loss: 0.8225 | Train Acc:  86.37%
  Val Loss:   0.8797 | Val Acc:    83.62%
  Best Acc:    83.89% (epoch 111)
  LR: 0.000407 | Time: 27.6s
  📈 Gap to target: 1.38%
------------------------------------------------------------
Epoch 115 [  0/391] Loss: 0.8383 Acc: 84.38%
Epoch 115 [100/391] Loss: 0.9260 Acc: 86.28%
Epoch 115 [200/391] Loss: 0.8352 Acc: 86.33%
Epoch 115 [300/391] Loss: 0.8271 Acc: 86.27%
💾 New best model saved: 83.95% (epoch 115)

Per-class accuracies (Epoch 115):
    airplane:  86.6%
  automobile:  93.0%
        bird:  78.5%
         cat:  65.5%
        deer:  83.2%
         dog:  74.2%
        frog:  87.4%
       horse:  89.6%
        ship:  92.3%
       truck:  89.2%

Epoch 115/150 Summary:
  Train Loss: 0.8221 | Train Acc:  86.26%
  Val Loss:   0.8729 | Val Acc:    83.95%
  Best Acc:    83.95% (epoch 115)
  LR: 0.000385 | Time: 25.9s
  📈 Gap to target: 1.05%
------------------------------------------------------------
Epoch 116 [  0/391] Loss: 0.8859 Acc: 82.81%
Epoch 116 [100/391] Loss: 0.7763 Acc: 86.03%
Epoch 116 [200/391] Loss: 0.7907 Acc: 86.40%
Epoch 116 [300/391] Loss: 0.8053 Acc: 86.39%

Per-class accuracies (Epoch 116):
    airplane:  86.5%
  automobile:  92.9%
        bird:  80.2%
         cat:  66.9%
        deer:  82.3%
         dog:  72.6%
        frog:  88.1%
       horse:  88.1%
        ship:  90.5%
       truck:  90.1%

Epoch 116/150 Summary:
  Train Loss: 0.8223 | Train Acc:  86.48%
  Val Loss:   0.8762 | Val Acc:    83.82%
  Best Acc:    83.95% (epoch 115)
  LR: 0.000365 | Time: 26.3s
  📈 Gap to target: 1.18%
------------------------------------------------------------
Epoch 117 [  0/391] Loss: 0.7772 Acc: 88.28%
Epoch 117 [100/391] Loss: 0.7932 Acc: 85.95%
Epoch 117 [200/391] Loss: 0.9067 Acc: 86.14%
Epoch 117 [300/391] Loss: 0.8389 Acc: 86.17%

Per-class accuracies (Epoch 117):
    airplane:  88.1%
  automobile:  93.6%
        bird:  77.8%
         cat:  62.8%
        deer:  80.8%
         dog:  75.1%
        frog:  89.1%
       horse:  88.9%
        ship:  90.7%
       truck:  90.1%

Epoch 117/150 Summary:
  Train Loss: 0.8230 | Train Acc:  86.31%
  Val Loss:   0.8803 | Val Acc:    83.70%
  Best Acc:    83.95% (epoch 115)
  LR: 0.000344 | Time: 27.0s
  📈 Gap to target: 1.30%
------------------------------------------------------------
Epoch 118 [  0/391] Loss: 0.7550 Acc: 89.06%
Epoch 118 [100/391] Loss: 0.8542 Acc: 86.66%
Epoch 118 [200/391] Loss: 0.8600 Acc: 86.64%
Epoch 118 [300/391] Loss: 0.8885 Acc: 86.57%

Per-class accuracies (Epoch 118):
    airplane:  86.6%
  automobile:  94.0%
        bird:  77.3%
         cat:  64.2%
        deer:  82.3%
         dog:  76.4%
        frog:  88.0%
       horse:  89.6%
        ship:  90.7%
       truck:  88.8%

Epoch 118/150 Summary:
  Train Loss: 0.8205 | Train Acc:  86.50%
  Val Loss:   0.8755 | Val Acc:    83.79%
  Best Acc:    83.95% (epoch 115)
  LR: 0.000324 | Time: 27.4s
  📈 Gap to target: 1.21%
------------------------------------------------------------
Epoch 119 [  0/391] Loss: 0.8580 Acc: 82.81%
Epoch 119 [100/391] Loss: 0.9341 Acc: 86.30%
Epoch 119 [200/391] Loss: 0.8772 Acc: 86.45%
Epoch 119 [300/391] Loss: 0.8744 Acc: 86.37%

Per-class accuracies (Epoch 119):
    airplane:  87.6%
  automobile:  92.2%
        bird:  78.7%
         cat:  63.3%
        deer:  82.9%
         dog:  73.9%
        frog:  88.7%
       horse:  89.1%
        ship:  92.4%
       truck:  90.4%

Epoch 119/150 Summary:
  Train Loss: 0.8200 | Train Acc:  86.36%
  Val Loss:   0.8752 | Val Acc:    83.92%
  Best Acc:    83.95% (epoch 115)
  LR: 0.000305 | Time: 27.1s
  📈 Gap to target: 1.08%
------------------------------------------------------------
Epoch 120 [  0/391] Loss: 0.7835 Acc: 89.84%
Epoch 120 [100/391] Loss: 0.8887 Acc: 86.69%
Epoch 120 [200/391] Loss: 0.8090 Acc: 86.92%
Epoch 120 [300/391] Loss: 0.7443 Acc: 86.68%

Per-class accuracies (Epoch 120):
    airplane:  86.6%
  automobile:  93.0%
        bird:  78.8%
         cat:  66.9%
        deer:  80.3%
         dog:  74.2%
        frog:  88.5%
       horse:  88.7%
        ship:  92.0%
       truck:  89.3%

Epoch 120/150 Summary:
  Train Loss: 0.8194 | Train Acc:  86.50%
  Val Loss:   0.8754 | Val Acc:    83.83%
  Best Acc:    83.95% (epoch 115)
  LR: 0.000286 | Time: 26.2s
  📈 Gap to target: 1.17%
------------------------------------------------------------
Epoch 121 [  0/391] Loss: 0.7617 Acc: 89.84%
Epoch 121 [100/391] Loss: 0.8320 Acc: 86.86%
Epoch 121 [200/391] Loss: 0.7408 Acc: 86.71%
Epoch 121 [300/391] Loss: 0.7506 Acc: 86.56%

Per-class accuracies (Epoch 121):
    airplane:  87.0%
  automobile:  93.5%
        bird:  78.1%
         cat:  64.3%
        deer:  81.1%
         dog:  76.4%
        frog:  88.5%
       horse:  88.5%
        ship:  92.1%
       truck:  89.9%

Epoch 121/150 Summary:
  Train Loss: 0.8169 | Train Acc:  86.49%
  Val Loss:   0.8747 | Val Acc:    83.94%
  Best Acc:    83.95% (epoch 115)
  LR: 0.000268 | Time: 26.2s
  📈 Gap to target: 1.06%
------------------------------------------------------------
Epoch 122 [  0/391] Loss: 0.8218 Acc: 87.50%
Epoch 122 [100/391] Loss: 0.8217 Acc: 87.10%
Epoch 122 [200/391] Loss: 0.7983 Acc: 86.91%
Epoch 122 [300/391] Loss: 0.8401 Acc: 86.88%

Per-class accuracies (Epoch 122):
    airplane:  86.7%
  automobile:  92.9%
        bird:  77.7%
         cat:  65.3%
        deer:  81.3%
         dog:  74.8%
        frog:  89.0%
       horse:  89.3%
        ship:  91.7%
       truck:  90.7%

Epoch 122/150 Summary:
  Train Loss: 0.8138 | Train Acc:  86.65%
  Val Loss:   0.8753 | Val Acc:    83.94%
  Best Acc:    83.95% (epoch 115)
  LR: 0.000251 | Time: 27.3s
  📈 Gap to target: 1.06%
------------------------------------------------------------
Epoch 123 [  0/391] Loss: 0.8083 Acc: 86.72%
Epoch 123 [100/391] Loss: 0.7274 Acc: 86.01%
Epoch 123 [200/391] Loss: 0.7571 Acc: 86.57%
Epoch 123 [300/391] Loss: 0.8280 Acc: 86.57%

Per-class accuracies (Epoch 123):
    airplane:  86.0%
  automobile:  93.3%
        bird:  79.3%
         cat:  66.5%
        deer:  82.4%
         dog:  75.2%
        frog:  87.7%
       horse:  88.3%
        ship:  91.5%
       truck:  89.2%

Epoch 123/150 Summary:
  Train Loss: 0.8155 | Train Acc:  86.63%
  Val Loss:   0.8724 | Val Acc:    83.94%
  Best Acc:    83.95% (epoch 115)
  LR: 0.000234 | Time: 26.4s
  📈 Gap to target: 1.06%
------------------------------------------------------------
Epoch 124 [  0/391] Loss: 0.7940 Acc: 85.16%
Epoch 124 [100/391] Loss: 0.7579 Acc: 86.34%
Epoch 124 [200/391] Loss: 0.8277 Acc: 86.68%
Epoch 124 [300/391] Loss: 0.8537 Acc: 86.63%

Per-class accuracies (Epoch 124):
    airplane:  86.6%
  automobile:  92.4%
        bird:  78.3%
         cat:  63.2%
        deer:  82.8%
         dog:  74.0%
        frog:  89.4%
       horse:  89.5%
        ship:  91.9%
       truck:  90.5%

Epoch 124/150 Summary:
  Train Loss: 0.8164 | Train Acc:  86.52%
  Val Loss:   0.8764 | Val Acc:    83.86%
  Best Acc:    83.95% (epoch 115)
  LR: 0.000217 | Time: 26.8s
  📈 Gap to target: 1.14%
------------------------------------------------------------
Epoch 125 [  0/391] Loss: 0.8078 Acc: 88.28%
Epoch 125 [100/391] Loss: 0.7792 Acc: 87.11%
Epoch 125 [200/391] Loss: 0.7941 Acc: 87.01%
Epoch 125 [300/391] Loss: 0.7794 Acc: 86.85%
💾 New best model saved: 84.04% (epoch 125)

Per-class accuracies (Epoch 125):
    airplane:  87.9%
  automobile:  93.4%
        bird:  77.5%
         cat:  65.3%
        deer:  81.7%
         dog:  75.7%
        frog:  88.3%
       horse:  89.1%
        ship:  91.5%
       truck:  90.0%

Epoch 125/150 Summary:
  Train Loss: 0.8130 | Train Acc:  86.89%
  Val Loss:   0.8757 | Val Acc:    84.04%
  Best Acc:    84.04% (epoch 125)
  LR: 0.000201 | Time: 26.5s
  📈 Gap to target: 0.96%
------------------------------------------------------------
Epoch 126 [  0/391] Loss: 0.8308 Acc: 86.72%
Epoch 126 [100/391] Loss: 0.7269 Acc: 86.51%
Epoch 126 [200/391] Loss: 0.8262 Acc: 86.52%
Epoch 126 [300/391] Loss: 0.7525 Acc: 86.73%

Per-class accuracies (Epoch 126):
    airplane:  86.7%
  automobile:  93.2%
        bird:  78.3%
         cat:  64.3%
        deer:  81.9%
         dog:  75.5%
        frog:  90.0%
       horse:  88.7%
        ship:  91.8%
       truck:  89.8%

Epoch 126/150 Summary:
  Train Loss: 0.8120 | Train Acc:  86.81%
  Val Loss:   0.8773 | Val Acc:    84.02%
  Best Acc:    84.04% (epoch 125)
  LR: 0.000186 | Time: 26.8s
  📈 Gap to target: 0.98%
------------------------------------------------------------
Epoch 127 [  0/391] Loss: 0.7570 Acc: 89.84%
Epoch 127 [100/391] Loss: 0.7687 Acc: 87.00%
Epoch 127 [200/391] Loss: 0.7575 Acc: 86.83%
Epoch 127 [300/391] Loss: 0.7798 Acc: 86.70%
💾 New best model saved: 84.08% (epoch 127)

Per-class accuracies (Epoch 127):
    airplane:  87.0%
  automobile:  93.1%
        bird:  79.4%
         cat:  62.4%
        deer:  83.3%
         dog:  76.7%
        frog:  88.7%
       horse:  88.6%
        ship:  91.9%
       truck:  89.7%

Epoch 127/150 Summary:
  Train Loss: 0.8146 | Train Acc:  86.69%
  Val Loss:   0.8739 | Val Acc:    84.08%
  Best Acc:    84.08% (epoch 127)
  LR: 0.000171 | Time: 26.4s
  📈 Gap to target: 0.92%
------------------------------------------------------------
Epoch 128 [  0/391] Loss: 0.8277 Acc: 85.94%
Epoch 128 [100/391] Loss: 0.8202 Acc: 86.42%
Epoch 128 [200/391] Loss: 0.8079 Acc: 86.62%
Epoch 128 [300/391] Loss: 0.8193 Acc: 86.77%

Per-class accuracies (Epoch 128):
    airplane:  86.7%
  automobile:  92.8%
        bird:  79.5%
         cat:  64.7%
        deer:  81.0%
         dog:  75.2%
        frog:  89.2%
       horse:  89.8%
        ship:  91.4%
       truck:  89.7%

Epoch 128/150 Summary:
  Train Loss: 0.8126 | Train Acc:  86.81%
  Val Loss:   0.8758 | Val Acc:    84.00%
  Best Acc:    84.08% (epoch 127)
  LR: 0.000156 | Time: 28.9s
  📈 Gap to target: 1.00%
------------------------------------------------------------
Epoch 129 [  0/391] Loss: 0.8369 Acc: 85.16%
Epoch 129 [100/391] Loss: 0.7616 Acc: 87.01%
Epoch 129 [200/391] Loss: 0.7645 Acc: 86.79%
Epoch 129 [300/391] Loss: 0.7271 Acc: 86.79%

Per-class accuracies (Epoch 129):
    airplane:  86.3%
  automobile:  92.3%
        bird:  78.4%
         cat:  65.3%
        deer:  82.6%
         dog:  73.8%
        frog:  89.5%
       horse:  89.6%
        ship:  91.9%
       truck:  90.4%

Epoch 129/150 Summary:
  Train Loss: 0.8124 | Train Acc:  86.90%
  Val Loss:   0.8747 | Val Acc:    84.01%
  Best Acc:    84.08% (epoch 127)
  LR: 0.000143 | Time: 29.1s
  📈 Gap to target: 0.99%
------------------------------------------------------------
Epoch 130 [  0/391] Loss: 0.7124 Acc: 91.41%
Epoch 130 [100/391] Loss: 0.6933 Acc: 86.31%
Epoch 130 [200/391] Loss: 0.8709 Acc: 86.89%
Epoch 130 [300/391] Loss: 0.8297 Acc: 86.72%

Per-class accuracies (Epoch 130):
    airplane:  88.5%
  automobile:  92.3%
        bird:  78.4%
         cat:  64.7%
        deer:  81.6%
         dog:  74.8%
        frog:  89.1%
       horse:  90.2%
        ship:  90.9%
       truck:  89.9%

Epoch 130/150 Summary:
  Train Loss: 0.8144 | Train Acc:  86.74%
  Val Loss:   0.8778 | Val Acc:    84.04%
  Best Acc:    84.08% (epoch 127)
  LR: 0.000130 | Time: 26.9s
  📈 Gap to target: 0.96%
------------------------------------------------------------
Epoch 131 [  0/391] Loss: 0.8318 Acc: 84.38%
Epoch 131 [100/391] Loss: 0.7839 Acc: 87.00%
Epoch 131 [200/391] Loss: 0.8407 Acc: 86.94%
Epoch 131 [300/391] Loss: 0.7745 Acc: 86.94%
💾 New best model saved: 84.16% (epoch 131)

Per-class accuracies (Epoch 131):
    airplane:  87.6%
  automobile:  92.9%
        bird:  79.0%
         cat:  62.9%
        deer:  81.1%
         dog:  76.9%
        frog:  88.5%
       horse:  91.0%
        ship:  91.8%
       truck:  89.9%

Epoch 131/150 Summary:
  Train Loss: 0.8126 | Train Acc:  86.79%
  Val Loss:   0.8763 | Val Acc:    84.16%
  Best Acc:    84.16% (epoch 131)
  LR: 0.000117 | Time: 26.9s
  📈 Gap to target: 0.84%
------------------------------------------------------------
Epoch 132 [  0/391] Loss: 0.8437 Acc: 85.16%
Epoch 132 [100/391] Loss: 0.8582 Acc: 86.83%
Epoch 132 [200/391] Loss: 0.7914 Acc: 86.85%
Epoch 132 [300/391] Loss: 0.7523 Acc: 86.92%

Per-class accuracies (Epoch 132):
    airplane:  86.9%
  automobile:  92.9%
        bird:  78.2%
         cat:  64.1%
        deer:  82.5%
         dog:  76.7%
        frog:  88.6%
       horse:  89.1%
        ship:  91.1%
       truck:  90.4%

Epoch 132/150 Summary:
  Train Loss: 0.8096 | Train Acc:  86.88%
  Val Loss:   0.8751 | Val Acc:    84.05%
  Best Acc:    84.16% (epoch 131)
  LR: 0.000105 | Time: 26.8s
  📈 Gap to target: 0.95%
------------------------------------------------------------
Epoch 133 [  0/391] Loss: 0.9549 Acc: 77.34%
Epoch 133 [100/391] Loss: 0.8736 Acc: 86.08%
Epoch 133 [200/391] Loss: 0.9398 Acc: 86.69%
Epoch 133 [300/391] Loss: 0.8237 Acc: 86.83%

Per-class accuracies (Epoch 133):
    airplane:  87.1%
  automobile:  92.7%
        bird:  78.2%
         cat:  64.2%
        deer:  82.3%
         dog:  77.3%
        frog:  87.7%
       horse:  88.0%
        ship:  91.3%
       truck:  89.8%

Epoch 133/150 Summary:
  Train Loss: 0.8105 | Train Acc:  86.93%
  Val Loss:   0.8755 | Val Acc:    83.86%
  Best Acc:    84.16% (epoch 131)
  LR: 0.000094 | Time: 26.5s
  📈 Gap to target: 1.14%
------------------------------------------------------------
Epoch 134 [  0/391] Loss: 0.7630 Acc: 90.62%
Epoch 134 [100/391] Loss: 0.8186 Acc: 86.63%
Epoch 134 [200/391] Loss: 0.7949 Acc: 86.85%
Epoch 134 [300/391] Loss: 0.8115 Acc: 86.88%
💾 New best model saved: 84.19% (epoch 134)

Per-class accuracies (Epoch 134):
    airplane:  87.3%
  automobile:  93.0%
        bird:  78.0%
         cat:  64.8%
        deer:  82.3%
         dog:  76.5%
        frog:  88.8%
       horse:  89.8%
        ship:  92.0%
       truck:  89.4%

Epoch 134/150 Summary:
  Train Loss: 0.8116 | Train Acc:  86.85%
  Val Loss:   0.8746 | Val Acc:    84.19%
  Best Acc:    84.19% (epoch 134)
  LR: 0.000083 | Time: 26.4s
  📈 Gap to target: 0.81%
------------------------------------------------------------
Epoch 135 [  0/391] Loss: 0.8728 Acc: 83.59%
Epoch 135 [100/391] Loss: 0.7513 Acc: 87.48%
Epoch 135 [200/391] Loss: 0.7629 Acc: 87.15%
Epoch 135 [300/391] Loss: 0.7477 Acc: 87.09%

Per-class accuracies (Epoch 135):
    airplane:  86.5%
  automobile:  93.1%
        bird:  78.6%
         cat:  64.9%
        deer:  81.5%
         dog:  75.4%
        frog:  88.5%
       horse:  89.9%
        ship:  91.0%
       truck:  90.5%

Epoch 135/150 Summary:
  Train Loss: 0.8059 | Train Acc:  87.01%
  Val Loss:   0.8756 | Val Acc:    83.99%
  Best Acc:    84.19% (epoch 134)
  LR: 0.000073 | Time: 26.5s
  📈 Gap to target: 1.01%
------------------------------------------------------------
Epoch 136 [  0/391] Loss: 0.8338 Acc: 87.50%
Epoch 136 [100/391] Loss: 0.7644 Acc: 86.97%
Epoch 136 [200/391] Loss: 0.7756 Acc: 86.94%
Epoch 136 [300/391] Loss: 0.8123 Acc: 86.85%
💾 New best model saved: 84.29% (epoch 136)

Per-class accuracies (Epoch 136):
    airplane:  88.8%
  automobile:  93.5%
        bird:  78.7%
         cat:  64.9%
        deer:  82.1%
         dog:  75.3%
        frog:  89.2%
       horse:  89.6%
        ship:  91.4%
       truck:  89.4%

Epoch 136/150 Summary:
  Train Loss: 0.8101 | Train Acc:  86.95%
  Val Loss:   0.8751 | Val Acc:    84.29%
  Best Acc:    84.29% (epoch 136)
  LR: 0.000064 | Time: 27.6s
  📈 Gap to target: 0.71%
------------------------------------------------------------
Epoch 137 [  0/391] Loss: 0.7289 Acc: 92.19%
Epoch 137 [100/391] Loss: 0.8206 Acc: 87.25%
Epoch 137 [200/391] Loss: 0.7888 Acc: 87.39%
Epoch 137 [300/391] Loss: 0.8458 Acc: 87.34%

Per-class accuracies (Epoch 137):
    airplane:  88.9%
  automobile:  92.7%
        bird:  78.8%
         cat:  65.0%
        deer:  81.6%
         dog:  76.4%
        frog:  88.8%
       horse:  88.9%
        ship:  91.8%
       truck:  89.2%

Epoch 137/150 Summary:
  Train Loss: 0.8067 | Train Acc:  87.19%
  Val Loss:   0.8743 | Val Acc:    84.21%
  Best Acc:    84.29% (epoch 136)
  LR: 0.000055 | Time: 26.5s
  📈 Gap to target: 0.79%
------------------------------------------------------------
Epoch 138 [  0/391] Loss: 0.8775 Acc: 78.12%
Epoch 138 [100/391] Loss: 0.8061 Acc: 87.28%
Epoch 138 [200/391] Loss: 0.8853 Acc: 87.46%
Epoch 138 [300/391] Loss: 0.8399 Acc: 87.24%

Per-class accuracies (Epoch 138):
    airplane:  86.6%
  automobile:  92.9%
        bird:  78.2%
         cat:  66.6%
        deer:  81.2%
         dog:  75.7%
        frog:  88.5%
       horse:  89.6%
        ship:  91.6%
       truck:  90.2%

Epoch 138/150 Summary:
  Train Loss: 0.8067 | Train Acc:  87.26%
  Val Loss:   0.8752 | Val Acc:    84.11%
  Best Acc:    84.29% (epoch 136)
  LR: 0.000047 | Time: 26.6s
  📈 Gap to target: 0.89%
------------------------------------------------------------
Epoch 139 [  0/391] Loss: 0.8518 Acc: 86.72%
Epoch 139 [100/391] Loss: 0.7838 Acc: 87.16%
Epoch 139 [200/391] Loss: 0.7391 Acc: 87.13%
Epoch 139 [300/391] Loss: 0.8834 Acc: 87.10%

Per-class accuracies (Epoch 139):
    airplane:  87.4%
  automobile:  92.8%
        bird:  78.6%
         cat:  64.4%
        deer:  81.5%
         dog:  76.3%
        frog:  88.3%
       horse:  90.6%
        ship:  91.3%
       truck:  90.5%

Epoch 139/150 Summary:
  Train Loss: 0.8077 | Train Acc:  87.14%
  Val Loss:   0.8745 | Val Acc:    84.17%
  Best Acc:    84.29% (epoch 136)
  LR: 0.000040 | Time: 26.9s
  📈 Gap to target: 0.83%
------------------------------------------------------------
Epoch 140 [  0/391] Loss: 0.8076 Acc: 89.84%
Epoch 140 [100/391] Loss: 0.8448 Acc: 86.51%
Epoch 140 [200/391] Loss: 0.8087 Acc: 86.92%
Epoch 140 [300/391] Loss: 0.8992 Acc: 86.87%

Per-class accuracies (Epoch 140):
    airplane:  87.9%
  automobile:  93.4%
        bird:  78.3%
         cat:  64.4%
        deer:  82.8%
         dog:  76.5%
        frog:  88.7%
       horse:  88.3%
        ship:  91.3%
       truck:  89.1%

Epoch 140/150 Summary:
  Train Loss: 0.8070 | Train Acc:  86.96%
  Val Loss:   0.8738 | Val Acc:    84.07%
  Best Acc:    84.29% (epoch 136)
  LR: 0.000033 | Time: 27.5s
  📈 Gap to target: 0.93%
------------------------------------------------------------
Epoch 141 [  0/391] Loss: 0.7997 Acc: 89.84%
Epoch 141 [100/391] Loss: 0.8283 Acc: 87.74%
Epoch 141 [200/391] Loss: 0.7838 Acc: 87.45%
Epoch 141 [300/391] Loss: 0.9236 Acc: 87.15%

Per-class accuracies (Epoch 141):
    airplane:  86.6%
  automobile:  93.1%
        bird:  79.6%
         cat:  66.5%
        deer:  82.0%
         dog:  73.9%
        frog:  88.7%
       horse:  88.4%
        ship:  91.0%
       truck:  89.6%

Epoch 141/150 Summary:
  Train Loss: 0.8081 | Train Acc:  87.02%
  Val Loss:   0.8728 | Val Acc:    83.94%
  Best Acc:    84.29% (epoch 136)
  LR: 0.000027 | Time: 27.5s
  📈 Gap to target: 1.06%
------------------------------------------------------------
Epoch 142 [  0/391] Loss: 0.7666 Acc: 90.62%
Epoch 142 [100/391] Loss: 0.8821 Acc: 86.84%
Epoch 142 [200/391] Loss: 0.7941 Acc: 87.00%
Epoch 142 [300/391] Loss: 0.8351 Acc: 87.16%

Per-class accuracies (Epoch 142):
    airplane:  87.3%
  automobile:  93.2%
        bird:  78.2%
         cat:  64.8%
        deer:  80.5%
         dog:  76.3%
        frog:  88.9%
       horse:  90.4%
        ship:  92.2%
       truck:  89.6%

Epoch 142/150 Summary:
  Train Loss: 0.8062 | Train Acc:  87.10%
  Val Loss:   0.8736 | Val Acc:    84.14%
  Best Acc:    84.29% (epoch 136)
  LR: 0.000021 | Time: 27.2s
  📈 Gap to target: 0.86%
------------------------------------------------------------
Epoch 143 [  0/391] Loss: 0.8382 Acc: 83.59%
Epoch 143 [100/391] Loss: 0.7592 Acc: 87.01%
Epoch 143 [200/391] Loss: 0.8160 Acc: 87.17%
Epoch 143 [300/391] Loss: 0.8701 Acc: 87.35%

Per-class accuracies (Epoch 143):
    airplane:  88.1%
  automobile:  93.1%
        bird:  78.4%
         cat:  66.1%
        deer:  81.2%
         dog:  74.8%
        frog:  88.3%
       horse:  90.3%
        ship:  91.6%
       truck:  89.5%

Epoch 143/150 Summary:
  Train Loss: 0.8062 | Train Acc:  87.29%
  Val Loss:   0.8734 | Val Acc:    84.14%
  Best Acc:    84.29% (epoch 136)
  LR: 0.000016 | Time: 27.7s
  📈 Gap to target: 0.86%
------------------------------------------------------------
Epoch 144 [  0/391] Loss: 0.8444 Acc: 85.16%
Epoch 144 [100/391] Loss: 0.7477 Acc: 86.94%
Epoch 144 [200/391] Loss: 0.8241 Acc: 87.24%
Epoch 144 [300/391] Loss: 0.8188 Acc: 87.25%

Per-class accuracies (Epoch 144):
    airplane:  87.3%
  automobile:  92.7%
        bird:  79.0%
         cat:  64.9%
        deer:  80.9%
         dog:  74.9%
        frog:  88.6%
       horse:  90.4%
        ship:  92.0%
       truck:  89.7%

Epoch 144/150 Summary:
  Train Loss: 0.8082 | Train Acc:  87.17%
  Val Loss:   0.8734 | Val Acc:    84.04%
  Best Acc:    84.29% (epoch 136)
  LR: 0.000012 | Time: 26.3s
  📈 Gap to target: 0.96%
------------------------------------------------------------
Epoch 145 [  0/391] Loss: 0.8228 Acc: 85.16%
Epoch 145 [100/391] Loss: 0.8411 Acc: 87.47%
Epoch 145 [200/391] Loss: 0.8377 Acc: 87.18%
Epoch 145 [300/391] Loss: 0.8098 Acc: 87.07%

Per-class accuracies (Epoch 145):
    airplane:  87.5%
  automobile:  92.8%
        bird:  78.9%
         cat:  65.5%
        deer:  81.4%
         dog:  75.1%
        frog:  88.1%
       horse:  89.8%
        ship:  92.1%
       truck:  89.8%

Epoch 145/150 Summary:
  Train Loss: 0.8076 | Train Acc:  87.14%
  Val Loss:   0.8725 | Val Acc:    84.10%
  Best Acc:    84.29% (epoch 136)
  LR: 0.000008 | Time: 26.5s
  📈 Gap to target: 0.90%
------------------------------------------------------------
Epoch 146 [  0/391] Loss: 0.8789 Acc: 83.59%
Epoch 146 [100/391] Loss: 0.8627 Acc: 87.42%
Epoch 146 [200/391] Loss: 0.7521 Acc: 87.48%
Epoch 146 [300/391] Loss: 0.8927 Acc: 87.28%

Per-class accuracies (Epoch 146):
    airplane:  86.3%
  automobile:  93.0%
        bird:  79.6%
         cat:  64.4%
        deer:  82.8%
         dog:  75.5%
        frog:  88.4%
       horse:  89.8%
        ship:  91.7%
       truck:  89.8%

Epoch 146/150 Summary:
  Train Loss: 0.8048 | Train Acc:  87.34%
  Val Loss:   0.8730 | Val Acc:    84.13%
  Best Acc:    84.29% (epoch 136)
  LR: 0.000005 | Time: 26.6s
  📈 Gap to target: 0.87%
------------------------------------------------------------
Epoch 147 [  0/391] Loss: 0.8415 Acc: 85.16%
Epoch 147 [100/391] Loss: 0.7777 Acc: 87.03%
Epoch 147 [200/391] Loss: 0.8349 Acc: 87.01%
Epoch 147 [300/391] Loss: 0.8250 Acc: 87.11%

Per-class accuracies (Epoch 147):
    airplane:  87.4%
  automobile:  92.6%
        bird:  78.8%
         cat:  65.3%
        deer:  82.1%
         dog:  75.5%
        frog:  88.9%
       horse:  89.4%
        ship:  91.0%
       truck:  90.1%

Epoch 147/150 Summary:
  Train Loss: 0.8086 | Train Acc:  87.05%
  Val Loss:   0.8727 | Val Acc:    84.11%
  Best Acc:    84.29% (epoch 136)
  LR: 0.000003 | Time: 26.6s
  📈 Gap to target: 0.89%
------------------------------------------------------------
Epoch 148 [  0/391] Loss: 0.7891 Acc: 88.28%
Epoch 148 [100/391] Loss: 0.7747 Acc: 86.87%
Epoch 148 [200/391] Loss: 0.9702 Acc: 86.95%
Epoch 148 [300/391] Loss: 0.7090 Acc: 86.98%

Per-class accuracies (Epoch 148):
    airplane:  87.1%
  automobile:  92.7%
        bird:  77.5%
         cat:  64.7%
        deer:  81.4%
         dog:  76.4%
        frog:  89.5%
       horse:  88.9%
        ship:  91.8%
       truck:  90.2%

Epoch 148/150 Summary:
  Train Loss: 0.8061 | Train Acc:  87.08%
  Val Loss:   0.8744 | Val Acc:    84.02%
  Best Acc:    84.29% (epoch 136)
  LR: 0.000001 | Time: 26.7s
  📈 Gap to target: 0.98%
------------------------------------------------------------
Epoch 149 [  0/391] Loss: 0.8447 Acc: 85.94%
Epoch 149 [100/391] Loss: 0.7903 Acc: 86.99%
Epoch 149 [200/391] Loss: 0.8849 Acc: 87.19%
Epoch 149 [300/391] Loss: 0.7836 Acc: 87.11%

Per-class accuracies (Epoch 149):
    airplane:  88.3%
  automobile:  93.3%
        bird:  80.5%
         cat:  64.1%
        deer:  83.3%
         dog:  74.9%
        frog:  88.9%
       horse:  88.4%
        ship:  91.5%
       truck:  88.5%

Epoch 149/150 Summary:
  Train Loss: 0.8039 | Train Acc:  87.18%
  Val Loss:   0.8740 | Val Acc:    84.17%
  Best Acc:    84.29% (epoch 136)
  LR: 0.000000 | Time: 26.6s
  📈 Gap to target: 0.83%
------------------------------------------------------------
Epoch 150 [  0/391] Loss: 0.8977 Acc: 83.59%
Epoch 150 [100/391] Loss: 0.7683 Acc: 87.07%
Epoch 150 [200/391] Loss: 0.8642 Acc: 87.15%
Epoch 150 [300/391] Loss: 0.7631 Acc: 87.20%

Per-class accuracies (Epoch 150):
    airplane:  87.3%
  automobile:  92.6%
        bird:  78.5%
         cat:  64.8%
        deer:  82.1%
         dog:  75.6%
        frog:  89.3%
       horse:  88.4%
        ship:  91.4%
       truck:  90.4%

Epoch 150/150 Summary:
  Train Loss: 0.8056 | Train Acc:  87.16%
  Val Loss:   0.8740 | Val Acc:    84.04%
  Best Acc:    84.29% (epoch 136)
  LR: 0.000000 | Time: 27.6s
  📈 Gap to target: 0.96%
------------------------------------------------------------

🎉 Enhanced Training Complete!
Total time: 67.2 minutes
Best accuracy: 84.29% (epoch 136)
Target 85.0%: ❌ Not reached
📊 Results saved to: enhanced_training_results_20251003_211243.json
📈 Training curves saved to: enhanced_training_curves_20251003_211243.png
Figure(1500x1000)

🎯 Final Result: 84.29% accuracy
Enhanced model 📈 In Progress
